index,rname,fcategory,Rating,lat,long,address,city,phone
466,Naan & Kabob,Afghan,4,43.66905,-79.38606,691 Yonge Street,Toronto,+1 416-972-6623
113,The Stockyards,American (Traditional),4,43.68136,-79.42619,699 St. Clair Avenue W,Toronto,+1 416-658-9666
175,Museum Tavern,American (Traditional),3.5,43.6686897,-79.3958511,208 Bloor Street W,Toronto,+1 416-920-0110
332,Union Social Eatery,American (Traditional),4,43.68779452,-79.39506926,21 Saint Clair Avenue W,Toronto,+1 416-901-3456
373,MARBL Restaurant,American (Traditional),3.5,43.64499,-79.39598,455 King Street West,Toronto,+1 416-979-2660
499,Victor,American (Traditional),4,43.645905,-79.391166,30 Mercer St,Toronto,+1 416-883-3431
702,Aviator Danforth,American (Traditional),3.5,43.683,-79.32628,1458 Danforth Ave,Toronto,+1 647-348-2680
757,Tea N Bannock,American (Traditional),4.5,43.671182,-79.3273557,1294 Gerrard Street E,Toronto,+1 416-220-2915
799,LOCAL Leaside,American (Traditional),3.5,43.70997836,-79.3635409,180 Laird Drive,Toronto,+1 416-696-6226
814,Death & Taxes Free House,American (Traditional),4,43.64311,-79.42496,1154 Queen Street W,Toronto,+1 416-516-2550
851,Bolands Kitchen,American (Traditional),4,43.7034912,-79.3878174,575 Mt Pleasant Road,Toronto,+1 416-482-2424
921,Best Bite Bar & Grill,American (Traditional),4.5,43.65322,-79.60078,5503 Eglinton Avenue W,Toronto,+1 416-620-6600
960,Maple Leaf Tavern,American (Traditional),4,43.66814,-79.33976,955 Gerrard Street E,Toronto,+1 416-465-0955
957,Tilt Arcade Bar,Arcades,4.5,43.65182,-79.40925,824 Dundas Street West,Toronto,+1 416-551-8458
272,AMA,Argentine,4,43.64504169,-79.41612091,930 Queen Street W,Toronto,+1 647-349-9262
361,VOS Restaurante Argentino,Argentine,4.5,43.65411313,-79.42308996,847 College Street,Toronto,+1 416-530-0847
419,Bacan,Argentine,4,43.6501,-79.4502,369 Roncesvalles Avenue,Toronto,+1 416-535-2222
837,Tanto,Argentine,3.5,43.64581,-79.4197499,74 Ossington Avenue,Toronto,+1 416-546-3022
108,Lee Restaurant,Asian Fusion,4,43.644144,-79.400384,601 King Street W,Toronto,+1 416-504-7867
115,Three Monks and a Duck,Asian Fusion,4.5,43.64605,-79.40897,811 Queen Street W,Toronto,+1 416-901-9588
136,Her Chef,Asian Fusion,4.5,43.66457,-79.41292,599 Bloor Street W,Toronto,+1 647-830-7719
448,Mai Bistro,Asian Fusion,4.5,43.6490027,-79.5285543,4906 Dundas W,Toronto,+1 647-343-3130
501,After Dark,Asian Fusion,5,43.64569,-79.4104,859 Queen St W,Toronto,+1 416-317-8829
673,Garleek Kitchen,Asian Fusion,4.5,43.64046,-79.43811,1500 Queen Street W,Toronto,+1 416-551-0929
722,Kid Lee,Asian Fusion,4,43.6487085,-79.38148875,100 King Street W,Toronto,+1 647-352-0092
787,Foxley Bistro and Bar,Asian Fusion,4,43.64865,-79.42024,207 Ossington Avenue,Toronto,+1 416-534-8520
843,R&D Restaurant,Asian Fusion,3.5,43.65152,-79.39703,241 Spadina Avenue,Toronto,+1 416-586-1241
883,Tuk Tuk Canteen,Asian Fusion,3.5,43.65084,-79.45053,397 Roncesvalles Avenue,Toronto,
398,The Bagel House,Bagels,4,43.70483,-79.37496,1548 Bayview Avenue,Toronto,+1 416-481-8184
203,School Restaurant,Bakeries,3.5,43.63784,-79.42435,70 Fraser Avenue,Toronto,+1 416-588-0005
399,School Restaurant,Bakeries,3.5,43.63784,-79.42435,70 Fraser Avenue,Toronto,+1 416-588-0005
651,Sud Forno,Bakeries,3.5,43.65091634,-79.37878523,132 Yonge Street,Toronto,+1 416-955-1100
916,Kabul Restaurant and Bakery,Bakeries,4,43.71456151,-79.33361652,747 Don Mills Road,Toronto,+1 416-423-4445
94,Gyubee Japanese Grill - Bloor,Barbeque,4,43.66716,-79.40047,335 Bloor Street W,Toronto,+1 416-551-9767
138,Smoque N' Bones,Barbeque,4,43.64570278,-79.41074328,869 Queen Street W,Toronto,+1 647-341-5730
199,Barque Smokehouse,Barbeque,4,43.6480097,-79.4496592,299 Roncesvalles Avenue,Toronto,+1 416-532-7700
228,STACK,Barbeque,4,43.72929,-79.4029599,3265 Yonge Street,Toronto,+1 647-346-1416
236,Pig Out BBQ,Barbeque,4,43.66317,-79.40253,650 Spadina Avenue,Toronto,+1 416-792-6120
279,Cherry Street Bar-B-Que,Barbeque,4,43.6456,-79.35229,275 Cherry Street,Toronto,+1 416-461-5111
283,The Carbon Bar,Barbeque,4,43.65318726,-79.37478688,99 Queen Street E,Toronto,+1 416-947-7000
329,Long Time No See,Barbeque,3,43.65318,-79.39524,421 Dundas Street W,Toronto,+1 416-848-8887
401,Hogtown Smoke,Barbeque,4,43.64909,-79.37433,55 Colborne Street,Toronto,+1 416-691-9009
467,Beach Hill Smokehouse,Barbeque,4.5,43.68409,-79.3005,172 Main Street S,Toronto,+1 416-792-8275
684,Mapo Korean BBQ,Barbeque,3.5,43.66411,-79.41674,680 Bloor St W¥_ëToronto,Toronto,+1 647-797-7708
871,Greenwood Smokehouse BBQ,Barbeque,3.5,43.6789975,-79.3442872,673 Danforth Avenue,Toronto,+1 416-469-2270
909,Hogtown Smoke In the Beach,Barbeque,3.5,43.66954912,-79.30214312,1959 Queen Street E,Toronto,+1 416-691-9009
37,Hi-Lo Bar,Bars,4,43.65910345,-79.34796574,753 Queen Street E,Toronto,+1 416-551-3459
44,Alo Restaurant,Bars,4.5,43.64851,-79.39584,163 Spadina Avenue,Toronto,+1 416-260-2222
57,The Lockhart,Bars,4,43.64947,-79.43111,1479 Dundas Street W,Toronto,+1 647-748-4434
69,Hawaii Bar,Bars,4.5,43.66708,-79.43136,989 Dovercourt Road,Toronto,+1 416-588-9888
77,Lobster Burger Bar,Bars,4,43.647443,-79.386768,214 King Street W,Toronto,+1 416-598-2929
180,Bar Buca,Bars,4,43.64392294,-79.39984039,75 Portland Street,Toronto,+1 416-599-2822
258,Lake Inez,Bars,4.5,43.67234,-79.32064,1471 Gerrard Street E,Toronto,+1 416-792-1590
376,Burdock,Bars,3.5,43.6594874,-79.43786679,1184 Bloor Street W,Toronto,+1 416-546-4033
403,The Local,Bars,3.5,43.6510309,-79.4510022,396 Roncesvalles Avenue,Toronto,+1 416-535-6225
470,Alobar Yorkville,Bars,4,43.6699967,-79.3936512,57A-162 Cumberland Street,Toronto,+1 416-961-1222
505,Home Smith Bar,Bars,4,43.65090891,-79.49289348,21 Old Mill Road,Toronto,+1 416-236-2641
506,Soco Kitchen and Bar,Bars,3.5,43.64265313,-79.38384653,75 Lower Simcoe Street,Toronto,+1 416-637-5465
521,The Dime,Bars,3.5,43.64765266,-79.40263912,538 Queen Street West,Toronto,+1 647-348-9080
557,Prohibition Gastrohouse - Queen,Bars,3.5,43.65894,-79.35041,696 Queen Street E,Toronto,+1 416-406-2669
578,Grand Electric,Bars,3.5,43.6416745,-79.4316079,1330 Queen Street W,Toronto,+1 416-627-3459
580,Communist's Daughter,Bars,4,43.6492099,-79.42103,1149 Dundas Street W,Toronto,+1 647-435-0103
599,Skyline Restaurant,Bars,4,43.64109,-79.4351499,1426 Queen Street W,Toronto,+1 416-536-3682
609,The Wren,Bars,4,43.6824096,-79.3280496,1382 Danforth Avenue,Toronto,+1 647-748-1382
636,El Pocho Antojitos Bar,Bars,4.5,43.66963,-79.41338,2 Follis Avenue,Toronto,+1 647-794-7115
641,Bangarang,Bars,4.5,43.65589,-79.41199,552 College Street,Toronto,
649,Goods & Provisions,Bars,4,43.66233,-79.33515,1124 Queen Street E,Toronto,+1 647-340-1738
834,Big Trouble,Bars,4,43.65336671,-79.39648915,460 Dundas Street W,Toronto,+1 647-347-8880
870,Seoul Shakers,Bars,4.5,43.65852742,-79.44103628,1241 Bloor St W,Toronto,
889,Anejo,Bars,3,43.64474,-79.39992,600 King Street W,Toronto,+1 416-862-8226
936,Three Speed,Bars,4,43.65917,-79.43795,1163 Bloor St W,Toronto,+1 647-430-3834
952,Bodega Henriette,Bars,4.5,43.6780199,-79.31471,1801 Gerrard Street E,Toronto,+1 416-546-6261
953,Storm Crow Manor,Bars,4,43.66674896,-79.38164312,580 Church Street,Toronto,+1 416-367-2769
587,The Bartending School of Ontario,Bartending Schools,5,43.68589,-79.31078,2159 Danforth Avenue,Toronto,+1 416-466-7847
864,Bang Sue Bar,Beer Bar,4,43.64634,-79.39359,11 Charlotte Street,Toronto,
14,Mill Street Retail Store,"Beer, Wine & Spirits",4.5,43.65044245,-79.35844275,55 Mill St,Toronto,+1 416-681-0338
110,Nord Bistro,Bistros,4.5,43.67390004,-79.41146983,406 Dupont Street,Toronto,+1 416-925-6673
317,Beerbistro,Bistros,4,43.64945,-79.377159,18 King Street E,Toronto,+1 416-861-9872
690,Trius + Aim,Bistros,4.5,43.5986881,-79.54422254,270 Brown's Line,Toronto,+1 647-351-2700
862,Lil Joe Cucina & Bar,Bistros,4.5,43.66927,-79.33615,1054 Gerrard Street E,Toronto,+1 647-352-6969
570,Rio 40 Restaurant,Brazilian,4,43.67747,-79.44643,1256 Saint Clair Avenue West,Toronto,+1 416-654-6363
624,Brasil Stone Grill,Brazilian,5,43.6933719,-79.4613295,2184 Eglinton Ave W,Toronto,+1 647-345-0222
771,Copacabana Brazilian Steak House,Brazilian,3.5,43.7079,-79.39396,150 Eglinton Avenue E,Toronto,+1 888-432-6721
866,Copacabana Brazilian Steakhouse,Brazilian,3.5,43.64834408,-79.38783098,230 Adelaide Street W,Toronto,+1 888-432-6721
947,Brasileirissimo Steak House,Brazilian,4.5,43.64925,-79.4226,1209 Dundas Street W,Toronto,+1 416-537-8988
54,Ramona's Kitchen,Breakfast & Brunch,5,43.66632,-79.40655,384 Bloor St West,Toronto,+1 905-597-9220
63,Mildred's Temple Kitchen,Breakfast & Brunch,4,43.63991087,-79.42042351,85 Hanna Avenue,Toronto,+1 416-588-5695
101,Evviva Breakfast & Lunch - Downtown Toronto,Breakfast & Brunch,4,43.641602,-79.383301,25 Lower Simcoe,Toronto,+1 647-351-4040
129,Dirty Food Eatery,Breakfast & Brunch,4.5,43.66565,-79.47188,3070 Dundas Street W,Toronto,+1 416-855-3393
134,The Senator,Breakfast & Brunch,4,43.65574,-79.37896,249 Victoria Street,Toronto,+1 416-364-7517
137,Sisters & Co,Breakfast & Brunch,4.5,43.65097,-79.41172,887 Dundas Street West,Toronto,+1 647-350-7478
145,White Lily Diner,Breakfast & Brunch,4.5,43.65881,-79.3511599,678 Queen Street E,Toronto,+1 416-901-7800
177,Bodega Henriette,Breakfast & Brunch,4.5,43.65159,-79.3678,234 King Street E,Toronto,
260,The Senator,Breakfast & Brunch,4,43.65574,-79.37896,249 Victoria Street,Toronto,+1 416-364-7517
287,Lady Marmalade,Breakfast & Brunch,4,43.66319,-79.35134,265 Broadview Avenue,Toronto,+1 647-351-7645
410,The Federal,Breakfast & Brunch,4,43.6497699,-79.43011,1438 Dundas Street W,Toronto,+1 647-352-9120
438,Eggspectation,Breakfast & Brunch,4,43.6532721,-79.3812455,483 Bay Street,Toronto,+1 416-979-3447
474,Frankie's,Breakfast & Brunch,4,43.6445099,-79.41842,994 Queen Street W,Toronto,+1 416-588-1936
523,Emma's Country Kitchen,Breakfast & Brunch,4,43.68103,-79.4303599,810 Saint Clair Avenue W,Toronto,+1 416-652-3662
555,White Brick Kitchen,Breakfast & Brunch,4,43.66417617,-79.4149612,641 Bloor Street W,Toronto,+1 647-347-9188
558,Egg Bae,Breakfast & Brunch,4,43.65341822,-79.40143965,189 Augusta Avenue,Toronto,
643,The Green Wood,Breakfast & Brunch,4,43.66487,-79.32425,1402 Queen Street E,Toronto,+1 416-778-4343
671,The Ellery,Breakfast & Brunch,4.5,43.68494,-79.31719,1870 Danforth Avenue,Toronto,+1 416-422-1870
688,RH Toronto Courtyard Cafí©,Breakfast & Brunch,4,43.7248736,-79.4555364,3401 Dufferin Street,Toronto,+1 416-322-9422
694,Old School,Breakfast & Brunch,3.5,43.65192188,-79.40836329,800 Dundas Street W,Toronto,+1 416-815-8790
720,Smith,Breakfast & Brunch,3.5,43.6669924,-79.3813287,553 Church Street,Toronto,+1 416-926-2501
776,Hello 123,Breakfast & Brunch,3.5,43.6433736,-79.4234717,1122 Queen Street W,Toronto,+1 416-532-3555
804,Universal Grill,Breakfast & Brunch,3.5,43.6705211,-79.42644044,1071 Shaw Street,Toronto,+1 416-588-5928
818,Madame Levant,Breakfast & Brunch,4.5,43.66704,-79.34447,821 Gerrard Street E,Toronto,+1 416-729-0503
910,Kitchen On Sixth,Breakfast & Brunch,4.5,43.60058679,-79.50684459,2976 Lake Shore Boulevard W,Toronto,+1 647-349-4412
934,Sophie's,Breakfast & Brunch,4,43.70632,-79.37561,1614 Bayview Avenue,Toronto,+1 416-485-1614
946,Over Easy Restaurant,Breakfast & Brunch,4,43.64804419,-79.3776722,56 Yonge Street,Toronto,+1 416-862-0110
967,Siempre Restaurant,Breakfast & Brunch,4,43.64339331,-79.39220744,348 Front Street W,Toronto,+1 647-346-8222
997,Eggstatic,Breakfast & Brunch,4.5,43.70549,-79.37534,1568 bayview avenue,Toronto,+1 647-352-1568
1,Steam Whistle Brewing,Breweries,4.5,43.64114088,-79.3852351,255 Bremner Boulevard,Toronto,+1 416-362-2337
6,Amsterdam BrewHouse,Breweries,3.5,43.63791213,-79.3847309,245 Queens Quay W,Toronto,+1 416-504-1020
26,Ontario Spring Water Sake Company,Breweries,4.5,43.64989,-79.36002,51 Gristmill Lane,Toronto,+1 416-365-7253
93,Left Field Brewery,Breweries,4,43.67379,-79.3304825,36 Wagstaff Drive,Toronto,+1 647-346-5001
699,Amsterdam Barrel House,Breweries,3.5,43.70618,-79.36112,87 Laird Drive,Toronto,+1 416-504-1060
791,Goose Island,Breweries,3.5,43.6472859,-79.3735769,70 The Esplanade,Toronto,+1 416-862-7575
846,Amsterdam Brewery,Breweries,4,43.7070332,-79.3573192,45 Esandar Dr.,Toronto,+1 416-504-6882
3,Northern Maverick Brewing Co,Brewpubs,3.5,43.6450941,-79.4029665,115 Bathurst Street,Toronto,+1 416-540-4030
99,Mill Street Brew Pub,Brewpubs,3.5,43.65044245,-79.35844275,21 Tank House Lane,Toronto,+1 416-681-0338
351,Raza Cerveceria Brewing,Brewpubs,5,43.650983,-79.450606,403 Roncesvalles Avenue,Toronto,+1 647-568-9378
976,Folly Brewing,Brewpubs,4,43.65401,-79.42591,928 College Street,Toronto,+1 416-533-7272
551,The House On Parliament,British,4,43.66359,-79.36794,454 Parliament Street,Toronto,+1 416-925-4074
767,Dragon Pearl Buffet,Buffets,3.5,43.755169,-79.349892,865 York Mills Road,Toronto,+1 647-352-2288
354,Centrale Bergham,Burgers,4.5,43.64808,-79.4004,482 Queen Street W,Toronto,+1 416-901-9095
394,The Irv Gastro Pub,Burgers,4.5,43.6635399,-79.3705826,195 Carlton Street,Toronto,+1 647-350-4787
446,Zeal Burgers,Burgers,5,43.70035641,-79.51752417,1926 Weston Road,Toronto,+1 647-352-3933
569,DUNK Burgers and Chocolate,Burgers,4.5,43.64651,-79.40821,696 Queen Street W,Toronto,+1 289-521-3865
586,By Chloe,Burgers,3.5,43.725462,-79.451437,3401 Dufferin Street,Toronto,+1 416-789-3261
677,Hidden Burger,Burgers,4,43.6465208,-79.3778797,22 Front Street W,Toronto,+1 416-362-7585
680,Rudy,Burgers,4,43.65489,-79.41474,619 College Street,Toronto,+1 647-748-7839
800,Ozzy's Burgers,Burgers,4,43.65527,-79.40261,66 Nassau St,Toronto,+1 416-862-7983
829,The Mutt,Burgers,5,43.64987,-79.43261,1A-1516 Dundas Street W,Toronto,+1 416-551-9749
8,PÅëPA,Burmese,4.5,43.76922,-79.38833,2901 Bayview Avenue,Toronto,
18,Cafe Landwer,Cafes,4,43.64875,-79.38491,165 University Avenue,Toronto,+1 647-748-1165
149,Baretto Caffe,Cafes,5,43.74471,-79.34643,1262 Don Mills Road,Toronto,+1 416-385-0003
270,Bonimi,Cafes,4.5,43.64513,-79.52041,3319 Bloor Street  W,Toronto,+1 416-847-1188
407,Daan Go Cafe,Cafes,4,43.80929,-79.2903,3380 Midland Avenue,Toronto,+1 647-245-2112
495,Cafí© Boulud,Cafes,3.5,43.6719213,-79.388922,60 Yorkville Avenue,Toronto,+1 416-963-6000
752,Henrietta Lane Cafe & Drinkery,Cafes,4.5,43.65406,-79.36122,394 King Street E,Toronto,
860,Hí_m Cafe,Cafes,4,43.67032446,-79.39061423,95 Cumberland Street,Toronto,+1 416-923-2882
956,Scarlet Door,Cafes,4.5,43.66858,-79.38537,15 Charles Street E,Toronto,+1 647-475-4436
278,The Captain's Boil,Cajun/Creole,5,43.71582,-79.39989,2655 Yonge St,Toronto,+1 416-485-2655
526,Little Bourbon House,Cajun/Creole,4.5,43.71842,-79.25071,3655 St Clair Avenue E,Toronto,+1 416-536-1806
33,Rasa,Canadian (New),4.5,43.6627752,-79.4039682,196 Robert Street,Toronto,+1 647-350-8221
36,Loch & Quay,Canadian (New),4,43.63812,-79.39064,390 Queens Quay W,Toronto,+1 416-595-5444
102,Beast Restaurant,Canadian (New),4,43.64408,-79.4057799,96 Tecumseth Street,Toronto,+1 647-352-6000
213,Chadwick's,Canadian (New),4,43.673524,-79.4118708,268 Howland Avenue,Toronto,+1 416-944-1606
215,George,Canadian (New),4.5,43.65323,-79.37446,111 Queen Street E,Toronto,+1 416-863-6006
255,Pow Wow Cafe,Canadian (New),4.5,43.65412,-79.40151,213 Augusta Avenue,Toronto,+1 416-551-7717
263,Flame Food+Design,Canadian (New),4.5,43.65116994,-79.47512316,2197 Bloor Street W,Toronto,+1 416-762-6000
395,Canis,Canadian (New),4.5,43.64609336,-79.41011455,746 Queen Street W,Toronto,+1 416-203-3317
418,Great Canadian Diner,Canadian (New),5,43.65539,-79.41418,598 College St,Toronto,+1 416-616-2028
434,Bistro Five61,Canadian (New),5,43.6878395,-79.401329,561 Avenue Road,Toronto,+1 416-923-2233
464,The SOS,Canadian (New),4,43.6486292,-79.39076043,118 John Street,Toronto,
497,Montgomery's Restaurant,Canadian (New),4.5,43.6444199,-79.41844,996 Queen Street W,Toronto,+1 647-748-4416
528,Local 1794,Canadian (New),4,43.68459,-79.31881,1794 Danforth Avenue,Toronto,+1 416-463-1794
614,Bannock,Canadian (New),3.5,43.65177,-79.3810699,401 Bay Street,Toronto,+1 416-861-6996
628,Farm'r Eatery & Catering,Canadian (New),4.5,43.64856,-79.37026,140 The Esplanade,Toronto,+1 416-901-8676
657,The Monkey Bar,Canadian (New),4,43.73149,-79.40346,3353 Yonge Street,Toronto,+1 416-486-2288
707,Arthur's Restaurant,Canadian (New),3,43.68842,-79.39351,12 St Clair Ave E,Toronto,+1 647-348-7000
796,Barn Restaurant,Canadian (New),4,43.6473299,-79.40456,598 Queen Street W,Toronto,+1 416-504-9874
917,Harvest Kitchen,Canadian (New),3.5,43.66278,-79.40437,124 Harbord Street,Toronto,+1 416-901-5901
938,House of Chan,Canadian (New),3.5,43.7037315,-79.41362,514 Eglinton Avenue W,Toronto,+1 416-781-5575
959,Grill Gate,Canadian (New),4.5,43.75315,-79.45165,832 Sheppard Avenue W,Toronto,+1 416-631-1167
981,Earls Kitchen + Bar,Canadian (New),3.5,43.64801346,-79.38392464,150 King Street West,Toronto,+1 416-916-0227
639,Good Taste Casserole Rice,Cantonese,5,43.81506,-79.3218,325 Bamburgh Cir,Toronto,+1 416-546-3388
85,Chubby's Jamaican Kitchen,Caribbean,4,43.64532,-79.40066,104 Portland Street,Toronto,+1 416-792-8105
357,Hot Pot Restaurant,Caribbean,4.5,43.69746697,-79.44135211,1545 Eglinton Avenue  W,Toronto,+1 416-460-5183
362,SugarKane,Caribbean,4.5,43.67892,-79.34361,699 Danforth Avenue,Toronto,+1 416-469-0808
481,Tasty's Caribbean Restaurant,Caribbean,4.5,43.6567777,-79.3992574,405 Spadina Avenue,Toronto,+1 416-916-7888
485,Simone's Caribbean Restaurant,Caribbean,4.5,43.67884,-79.34654,596 Danforth Avenue,Toronto,+1 416-792-5252
509,Rasta Pasta,Caribbean,4,43.65423286,-79.40044204,61 Kensington Avenue,Toronto,+1 647-501-4505
581,Maracas,Caribbean,4.5,43.65342301,-79.40155726,181 Augusta Ave,Toronto,+1 416-260-0000
714,The Real Jerk,Caribbean,3.5,43.66781,-79.34327,842 Gerrard Street E,Toronto,+1 416-463-6055
721,Cool Runnings Restaurant,Caribbean,4,43.6834386,-79.299971,146 Main Street,Toronto,+1 416-693-8724
723,Chris Jerk Caribbean Bistro,Caribbean,4.5,43.78964947,-79.30240088,2570 Birchmount Road,Toronto,+1 416-297-5375
10,Chef & Somm,Caterers,5,43.73139845,-79.46578049,804B Wilson Avenue,Toronto,+1 647-284-5530
11,Silver Spoon Take Out Catering,Caterers,3,43.79149,-79.25154,4800 Sheppard Avenue E,Scarborough,+1 416-293-2689
20,Elle Cuisine,Caterers,5,43.6735113,-79.351375,56 Hampton Avenue,Toronto,+1 647-430-3553
65,Catering by Mario,Caterers,5,43.85456,-79.37885,95 E Beaver Creek Road,Richmond Hill,+1 905-881-0477
74,L-Eat Catering,Caterers,5,43.7397599,-79.43419,3829 Bathurst Street,Toronto,+1 416-631-9226
97,Natalie's Kitchen,Caterers,4.5,43.6735777,-79.5490243,516 The Kingsway,Etobicoke,+1 647-999-9564
381,10tation Event Catering,Caterers,4.5,43.63224,-79.52947,232 Norseman Street,Toronto,+1 416-243-5144
439,A La Carte Kitchen,Caterers,5,43.70659,-79.35144,2 Thorncliffe Park Drive,Toronto,+1 416-971-4068
705,Oh My Lard,Caterers,5,43.6487,-79.38545,"Toronto, ON",Toronto,+1 416-871-4886
904,Jack and Lil's,Caterers,5,43.65155,-79.4089,823 Dundas Street W,Toronto,+1 647-347-5459
931,Toben Food By Design,Caterers,4.5,43.6737247,-79.4792485,150 Symes Rd,Toronto,+1 647-344-8323
965,Coffee Oysters Champagne,Champagne Bars,4,43.64757,-79.38684,214 King Street W,Toronto,+1 416-408-4044
741,Good Cheese,Cheese Shops,5,43.66596,-79.35136,614 Gerrard Street E,Toronto,+1 416-285-8482
915,Cheese Boutique,Cheese Shops,4.5,43.6385,-79.47515,45 Ripley Avenue,Toronto,+1 416-762-6292
510,Chica's Nashville Hot Chicken,Chicken Shop,4.5,43.66518,-79.46423,2853 Dundas Street W,Toronto,+1 647-343-6562
743,Bar Fancy,Chicken Shop,4,43.64382,-79.42143,1070 Queen Street W,Toronto,+1 416-546-1416
744,Cluck Clucks,Chicken Shop,4,43.64976871,-79.3660897,222 The Esplanade,Toronto,+1 647-748-2582
911,Mymy Chicken,Chicken Wings,4,43.76424,-79.41079,9 Spring Garden Avenue,Toronto,+1 416-227-7772
999,The Fanzone Wings & Ribs,Chicken Wings,4,43.7530567,-79.2762336,1168 Kennedy Road,Toronto,+1 416-551-0415
73,Zhang's Kitchen,Chinese,4,43.65759428,-79.38247059,13 Elm Street,Toronto,+1 647-343-4302
82,Fishman Lobster Clubhouse Restaurant,Chinese,4,43.8019756,-79.295159,4020 Finch Avenue E,Toronto,+1 416-321-0250
98,GB Hand-pulled Noodles,Chinese,4,43.65669,-79.38385,66 Edward Street,Toronto,+1 647-872-1336
114,Swatow Restaurant,Chinese,4,43.65385,-79.39796,309 Spadina Avenue,Toronto,+1 416-977-0601
126,Magical Taste of China,Chinese,4,43.65350013,-79.39485904,405 Dundas Street W,Toronto,+1 647-348-8966
132,Hotopia Downtown,Chinese,3.5,43.66138,-79.3804,45 Carlton Street,Toronto,+1 416-977-8668
142,DaiLo,Chinese,4,43.65574,-79.4098,503 College Street,Toronto,+1 647-341-8882
192,Greedy Duck & Noodles,Chinese,4,43.657786,-79.402371,316 College Street,Toronto,+1 647-748-0168
224,BAO,Chinese,3.5,43.65238961,-79.39813775,2-270 Spadina Avenue,Toronto,+1 416-901-7885
284,98 Aroma,Chinese,4,43.65699,-79.40001,440 Spadina Avenue,Toronto,+1 416-968-9888
300,Homemade Ramen,Chinese,4,43.65241,-79.39739,263 Spadina Avenue,Toronto,+1 647-352-6068
308,Chop Chop,Chinese,4,43.6519395,-79.40702,771 Dundas Street W,Toronto,+1 416-842-8277
331,Hong Kong Bistro Cafe,Chinese,4,43.65348,-79.39686,472 Dundas Street W,Toronto,+1 416-598-9188
397,Chine Legendary Hot Pot & Noodles,Chinese,4,43.65450684,-79.39840928,327 Spadina Avenue,Toronto,+1 416-979-1776
400,Fudao noodle house,Chinese,4,43.65461,-79.39905,358 Spadina ave,Toronto,+1 647-346-8588
462,Wood House BBQ,Chinese,3.5,43.75793,-79.4105,4664 Yonge Street,Toronto,+1 416-590-1315
468,Yummy Yummy Dumplings,Chinese,4,43.6537999,-79.39598,79 Huron Street,Toronto,+1 647-859-8998
469,Patois Toronto,Chinese,3.5,43.65202,-79.40816,794 Dundas Street W,Toronto,+1 647-350-8999
472,Yan Yu,Chinese,4,43.7713029,-79.3316635,237 Consumers Road,Toronto,+1 416-753-8838
515,Spicy Incredibowl,Chinese,4,43.65701,-79.39931,415 Spadina Ave,Toronto,
545,Niuda Hand-Pulled Noodles,Chinese,4,43.65061,-79.38908,204 Queen St W,Toronto,+1 416-599-6666
550,Harmoney Chinese Restaurant,Chinese,4,43.65341,-79.39699,478 Dundas Street W,Toronto,+1 416-729-9788
564,Dumpling House Restaurant,Chinese,3.5,43.65378,-79.3987,328 Spadina Avenue,Toronto,+1 416-596-8898
650,TAO Northern Chinese Cuisine,Chinese,3.5,43.71254835,-79.36455552,220 Laird Drive,Toronto,+1 416-421-3888
666,SoSo Food Club,Chinese,3.5,43.64951,-79.42162,1166 Dundas Street W,Toronto,+1 416-519-6661
717,House of Gourmet,Chinese,3.5,43.65336,-79.39718,484 Dundas St W,Toronto,+1 416-217-0167
735,Chat Bar,Chinese,4,43.77299,-79.41414,5312 Yonge Street,Toronto,+1 647-508-5588
742,Ding Tai Fung,Chinese,3.5,43.796407,-79.270493,175 Commander Boulevard,Toronto,+1 416-291-0123
764,Dumpling King,Chinese,4,43.7680416,-79.4760726,1126 Finch Avenue W,Toronto,+1 647-627-7778
777,Some Time BBQ Grill Restaurant & L.L.B.O.,Chinese,4,43.65578,-79.39366,41-43 Baldwin Street,Toronto,+1 647-833-7688
803,DASHA,Chinese,3,43.64456,-79.40074,620 King Street W,Toronto,+1 416-601-0662
812,The Daily Dumpling Wonton Co,Chinese,4,43.65480278,-79.42123085,792 College St,Toronto,+1 416-519-5008
840,Chef 88,Chinese,4,43.81764228,-79.30384748,3261 Kennedy Road,Toronto,+1 416-292-0883
877,King's Cafí©,Chinese,4,43.65421,-79.4021099,192 Augusta Avenue,Toronto,+1 416-591-1340
894,Meet You Leisure Restaurant,Chinese,4,43.77694432,-79.41444289,5437 Yonge Street,Toronto,+1 416-223-4441
920,Yin Ji Chang Fen,Chinese,4,43.82028026,-79.32522954,7010 Warden Avenue,Markham,+1 905-307-2688
940,Hotopia Sichuan Cuisine,Chinese,3,43.76443,-79.41022,25 Spring Garden Avenue,Toronto,+1 416-551-8832
963,Green Tea Restaurant Downtown Toronto,Chinese,3.5,43.65235,-79.39731,261 Spadina Avenue,Toronto,+1 416-519-1073
972,River Tai,Chinese,4,43.66300833,-79.40261398,92 Harbord Street,Toronto,+1 416-925-6305
983,BSG Hot Pot,Chinese,4,43.80597,-79.33742,3560 Victoria Park Avenue,Toronto,+1 416-551-6656
998,Taste of China,Chinese,3.5,43.654,-79.39891,338 Spadina Ave,Toronto,+1 416-348-8828
103,I'll Be Seeing You,Cocktail Bars,5,43.65901,-79.34805,747 Queen Street E,Toronto,
135,Nuit Social,Cocktail Bars,4.5,43.64303,-79.42542,1168 Queen Street W,Toronto,+1 647-350-6848
201,Cactus Club Cafe,Cocktail Bars,4,43.6493899,-79.38214,77 Adelaide Street W,Toronto,+1 647-748-2025
216,Mother Tongue,Cocktail Bars,4,43.64739,-79.39327,348 Adelaide Street W,Toronto,+1 647-243-5858
290,East Thirty-Six,Cocktail Bars,4,43.6484529,-79.3750706,36 Wellington Street E,Toronto,+1 647-350-3636
325,LOUIX LOUIS,Cocktail Bars,3.5,43.64987,-79.3803,325 Bay Street,Toronto,+1 416-637-5550
422,Pray Tell,Cocktail Bars,4,43.65452,-79.42307,838 College Street,Toronto,+1 647-340-7729
456,Bonafide,Cocktail Bars,4.5,43.65413205,-79.40151695,209 Augusta Avenue,Toronto,+1 647-352-1899
459,Drake One Fifty,Cocktail Bars,3.5,43.6493542,-79.3846843,150 York Street,Toronto,+1 416-363-6150
473,Reverie at The Park,Cocktail Bars,4.5,43.65515,-79.41274,569 College Street,Toronto,+1 416-533-8841
475,Founder,Cocktail Bars,4.5,43.6496799,-79.42543,1282 Dundas St. W,Toronto,+1 647-348-1282
487,Pastiche,Cocktail Bars,5,43.64555,-79.4191,59 Ossington Ave,Toronto,+1 647-508-5959
544,The Rustic Social House,Cocktail Bars,4,43.63004626,-79.47659806,2083 Lake Shore Blvd W,Toronto,+1 416-251-5100
583,Cactus Club Cafe,Cocktail Bars,4,43.61294394,-79.55994031,25 The West Mall,Toronto,+1 416-621-0203
611,Baro,Cocktail Bars,3.5,43.644906,-79.39694,485 King Street W,Toronto,+1 416-363-8388
751,Miss Things,Cocktail Bars,3.5,43.6414601,-79.431879,1279 Queen Street W,Toronto,+1 416-516-8677
766,Upper Deck Bar,Cocktail Bars,3.5,43.62367663,-79.38137019,Toronto Island Marina,Centre Island,+1 416-203-1055
810,Mother Cocktail Bar,Cocktail Bars,5,43.64524,-79.41435,874 Queen Street W,Toronto,+1 416-537-1928
869,Pretty Ugly,Cocktail Bars,4.5,43.64168889,-79.43034869,1237 Queen Street W,Toronto,
906,The Gaslight,Cocktail Bars,4.5,43.65742,-79.44806,1426 Bloor Street W,Toronto,+1 647-402-9728
913,The Wickson Social,Cocktail Bars,4,43.66584,-79.38539,5 St Joseph Street,Toronto,+1 647-748-1501
925,Bluestone Lane,Coffee & Tea,4.5,43.649494,-79.3758365,37 King Street E,Toronto,+1 718-374-6858
980,Baddies,Coffee & Tea,4,43.65880079,-79.44266841,679 Lansdowne Avenue,Toronto,
736,Esto Es Colombia,Colombian,5,43.70662871,-79.45330723,2848 Dufferin Street,Toronto,
856,Los Arrieros,Colombian,4,43.65583,-79.48736,276 Jane Street,Toronto,+1 416-761-1600
261,The Ace,Comfort Food,4,43.64613,-79.44865,231A Roncesvalles Avenue,Toronto,+1 416-792-7729
285,King Rustic,Comfort Food,4,43.64180195,-79.41211604,905 King Street W,Toronto,+1 416-792-5910
471,Cabano's Comfort Food,Comfort Food,4.5,43.66767,-79.38642,75 Saint Nicholas Street,Toronto,
844,Bobbie Sue's Mac & Cheese,Comfort Food,4,43.6478899,-79.42041,162 Ossington Avenue,Toronto,+1 647-352-2762
901,Leslie Jones,Comfort Food,4,43.6628904,-79.3318366,1182 Queen Street E,Toronto,+1 416-463-5663
914,Hunters Landing Bar Grill Hub Restaurant,Comfort Food,3.5,43.64002,-79.39673,82 Fort York Blvd,Toronto,+1 647-352-6082
836,The Chef Upstairs,Cooking Schools,4,43.70188,-79.38782,516 Mt Pleasant Rd,Toronto,+1 416-544-9221
337,La Cubana,Cuban,4,43.6462083,-79.419674,92 Ossington Avenue,Toronto,+1 416-537-0134
567,La Cubana,Cuban,3.5,43.65087,-79.45106,392 Roncesvalles Avenue,Toronto,+1 416-538-7500
616,La Cubana,Cuban,4,43.66904,-79.33715,1030 Gerrard St E,Toronto,+1 647-350-5355
625,Prague Restaurant,Czech,3.5,43.7543409,-79.2160007,450 Scarborough Golf Club Road,Toronto,+1 416-289-0283
554,Nest,Dance Clubs,3,43.6564373,-79.4071046,423 College Street,Toronto,+1 416-792-9488
32,Craque de Creme,Desserts,4,43.67982,-79.41723,1360 Bathurst Street,Toronto,+1 647-699-8233
35,Tasty Tours,Desserts,4.5,43.6547007,-79.4009335,"Toronto, ON M5T 1L8",Toronto,+1 416-871-7133
305,The Cheesecake Factory,Desserts,3,43.72658305,-79.45348468,3401 Dufferin Street,North York,+1 416-781-4477
385,Borrel,Desserts,3.5,43.68206585,-79.3290363,1333 Danforth Avenue,Toronto,+1 647-349-5722
413,Fuwa Fuwa Japanese Pancakes,Desserts,4,43.66595128,-79.40787647,408 Bloor Street W,Toronto,+1 647-618-2868
621,Bang Bang Ice Cream and Bakery,Desserts,4,43.6462863,-79.4194744,93a Ossington Avenue,Toronto,+1 647-348-1900
670,Tsujiri,Desserts,4,43.76428565,-79.41155512,4909 Yonge Street,Toronto,+1 647-341-6622
683,Snow Time,Desserts,4,43.80626074,-79.28928206,3290 Midland Avenue,Toronto,+1 647-560-6417
986,Qoola,Desserts,4,43.7741348,-79.5036081,4700 Keele Street,Toronto,+1 416-661-6652
67,Juicy Dumpling,Dim Sum,4,43.65272508,-79.39863659,280 Spadina Ave,Toronto,+1 647-352-5678
133,Pearl Harbourfront Chinese Cuisine,Dim Sum,3.5,43.63877,-79.3806,207 Queens Quay W,Toronto,+1 416-203-1233
275,Lee Chen Asian Bistro,Dim Sum,4,43.64736906,-79.38676279,214 King Street W,Toronto,+1 416-519-8688
436,Lee Chen Asian Bistro,Dim Sum,3.5,43.672372,-79.387436,813 Yonge Street,Toronto,+1 416-901-8869
626,Rol San,Dim Sum,3,43.6543528,-79.39831339,323 Spadina Avenue,Toronto,+1 416-977-1128
678,Lai Wah Heen,Dim Sum,3.5,43.6546713,-79.386172,108 Chestnut Street,Toronto,+1 416-977-9899
728,Wonton Kitchen,Dim Sum,4,43.66564,-79.3867,29 B St Joseph Street,Toronto,+1 416-964-9999
770,Crown Princess Fine Dining,Dim Sum,3.5,43.66615,-79.38737,1033 Bay Street,Toronto,+1 416-923-8784
778,Kwan,Dim Sum,3,43.68889336,-79.39434116,1496 Yonge Street,Toronto,+1 416-901-6618
827,Dumpling House,Dim Sum,3.5,43.6656887,-79.351097,619 Gerrard Street E,Toronto,+1 416-901-0288
842,Shanghai Shikumen Fine Cuisine,Dim Sum,3.5,43.65279519,-79.39902597,530 Dundas Street W,Toronto,+1 647-344-7997
404,Rosedale Diner,Diners,3.5,43.68036,-79.3912299,1164 Yonge Street,Toronto,+1 416-923-3122
703,Scollard Variety & Deli,Diners,4.5,43.6716977,-79.3921869,105 Scollard Street,Toronto,+1 416-964-9326
891,UFO Restaurant,Diners,4,43.64391,-79.40889,241 Niagara St,Toronto,+1 416-703-0888
17,Wide Open,Dive Bars,3.5,43.64759,-79.39556,139A Spadina Avenue,Toronto,
605,Lucky Shrike,Dive Bars,4.5,43.65171,-79.41034,850 Dundas Street,Toronto,+1 416-815-7777
444,Maha's,Egyptian,4,43.67167,-79.32853,226 Greenwood Avenue,Toronto,+1 416-462-2703
798,Papyrus,Egyptian,4.5,43.67709,-79.35324,337 Danforth Avenue,Toronto,+1 647-352-3878
389,Lucy Ethiopian Kitchen,Ethiopian,4.5,43.6841128,-79.3207142,1690 Danforth Avenue,Toronto,+1 416-406-0534
452,King Solomon and Queen of Sheba,Ethiopian,4.5,43.65580582,-79.36393652,360 Queen Street E,Toronto,+1 416-368-9002
492,Flavours Of Sheba,Ethiopian,4.5,43.67703,-79.44849,1310 St Clair Avenue W,Toronto,+1 416-792-1449
576,Selam Vegan,Ethiopian,5,43.6627952,-79.4227388,812B Bloor Street W,Toronto,+1 647-344-7225
689,Selam Restaurant & Lounge,Ethiopian,4,43.66279,-79.42269,812 Bloor Street W,Toronto,+1 416-915-7225
774,Shalom Ethopian Restaurant,Ethiopian,4.5,43.6674999,-79.36904,587 Parliament Street,Toronto,+1 416-964-7271
820,Nunu Ethiopian Fusion,Ethiopian,4,43.64296,-79.4256599,1178 Queen Street W,Toronto,+1 647-351-6868
853,African Palace,Ethiopian,4,43.66107,-79.42895,977 Bloor Street W,Toronto,+1 416-539-0259
374,St Lawrence Market,Farmers Market,4.5,43.6487301,-79.3715409,93-95 Front Street E,Toronto,+1 416-392-7219
356,Chick-fil-A,Fast Food,4,43.66954,-79.3861,709 Yonge St,Toronto,+1 416-475-6002
928,Extra Burger,Fast Food,4.5,43.64928,-79.42753,1357 Dundas Street W,Toronto,
682,Taste of Toronto,Festivals,3.5,43.638832,-79.4003064,250 Fort York Boulevard,Toronto,+1 647-478-9909
48,Tinuno,Filipino,4,43.67114301,-79.3748535,31 Howard Street,Toronto,+1 647-343-9294
150,Islas Filipino BBQ and Bar,Filipino,4.5,43.6393,-79.4446,1690 Queen Street W,Toronto,+1 416-533-0777
176,Lamesa Filipino Kitchen,Filipino,4,43.682297,-79.423948,634 St Clair Avenue W,Toronto,+1 647-343-1110
339,Lamesa Filipino Kitchen,Filipino,4,43.682297,-79.423948,634 St Clair Avenue W,Toronto,+1 647-343-1110
602,Bagnet Bros,Filipino,4,43.7292,-79.43229,3522 Bathurst St,Toronto,+1 416-256-9555
896,Jollibee,Filipino,3.5,43.7732,-79.28111,15 William Kitchen Road,Toronto,+1 647-953-1100
890,Sea Witch Fish and Chips,Fish & Chips,4,43.6822185,-79.4239619,636 Saint Clair Avenue W,Toronto,+1 647-349-4824
123,Assembly Chef's Hall,Food Court,4,43.6503522,-79.3837951,111 Richmond Street W,Toronto,+1 647-557-5993
494,The Annex Food Hall,Food Court,3.5,43.66625614,-79.40650941,384 Bloor Street W,Toronto,
104,Recipieces,Food Delivery Services,4.5,43.65351105,-79.39722443,"Toronto, ON M5T",Toronto,
259,Jatujak,Food Delivery Services,4,43.7360274,-79.3075152,1744 Victoria Park Avenue,Toronto,+1 647-352-1744
484,Athletes Kitchen,Food Delivery Services,5,43.6381851,-79.4177652,171 E Liberty Street,Toronto,+1 416-516-0101
729,Utsav,Food Delivery Services,4,43.67094,-79.39086,69 Yorkville Ave,Toronto,+1 416-961-8349
597,Chopsticks+Forks,Food Tours,5,43.6487,-79.38545,"Toronto, ON",Toronto,+1 888-683-6778
288,Tokyo Hot Fried Chicken,Food Trucks,4,43.64568,-79.39257,365 King St W,Toronto,
28,Maison Selby,French,4,43.67112,-79.37705,592 Sherbourne Street,Toronto,+1 647-943-1676
45,Aloette,French,4.5,43.64851,-79.39584,163 Spadina Avenue,Toronto,+1 416-260-3444
47,Scaramouche Restaurant Pasta Bar & Grill,French,4.5,43.68155,-79.39991,1 Benvenuto Place,Toronto,+1 416-961-8011
96,FK,French,4.5,43.68127,-79.42869,770 St Clair Avenue W,Toronto,+1 416-551-9731
117,Dreyfus,French,4,43.66302,-79.40327,96 Harbord Street,Toronto,+1 416-323-1385
130,Chabrol Restaurant,French,4,43.67115,-79.3918,90 Yorkville Avenue,Toronto,+1 416-428-6641
147,Jacques' Bistro Du Parc,French,4,43.6700941,-79.3920355,126 Cumberland St,Toronto,+1 416-961-1893
158,Auberge du Pommier,French,4,43.7468226,-79.4077734,4150 Yonge Street,Toronto,+1 416-222-2220
168,Le Baratin,French,4.5,43.65007,-79.4351,1600 Dundas Street. W,Toronto,+1 416-534-8800
206,Le Sí©lect Bistro,French,4,43.64378403,-79.39680919,432 Wellington Street W,Toronto,+1 416-596-6405
208,Batifole Restaurant,French,4,43.66678,-79.34733,744 Gerrard Street E,Toronto,+1 416-462-9965
223,Jules Bistro,French,4,43.64808,-79.39556,147 Spadina Avenue,Toronto,+1 416-348-8886
238,La Banane,French,4,43.64904,-79.4203,227 Ossington Avenue,Toronto,+1 416-551-6263
247,Cluny Bistro & Boulangerie,French,3.5,43.6505879,-79.3578962,35 Tank House Lane,Toronto,+1 416-203-2632
295,Le Swan,French,4,43.6452699,-79.4149,892 Queen St W,Toronto,+1 416-536-4440
303,Auberge du Pommier,French,4,43.7468226,-79.4077734,4150 Yonge Street,Toronto,+1 416-222-2220
352,Greta Solomon's,French,4.5,43.66232,-79.33535,1118 Queen Street E,Toronto,+1 647-347-8640
363,La Palette,French,4,43.64797,-79.40098,492 Queen Street W,Toronto,+1 416-929-4900
372,Union,French,4,43.64577,-79.41974,72A Ossington Avenue,Toronto,+1 416-850-0093
377,Avant Gout Restaurant,French,4,43.67864,-79.39045,1108 Yonge Street,Toronto,+1 416-916-3681
393,Jules Bistro,French,4,43.64502,-79.41592,924 Queen Street W,Toronto,+1 416-533-5454
441,Cluny Bistro & Boulangerie,French,3.5,43.6505879,-79.3578962,35 Tank House Lane,Toronto,+1 416-203-2632
480,Faim de Loup,French,5,43.65374,-79.42659,940 College Street,Toronto,+1 416-901-3246
520,Sassafraz,French,3.5,43.6702957,-79.3910686,100 Cumberland Street,Toronto,+1 416-964-2222
590,Bistro Camino,French,4.5,43.68934,-79.29744,2750 Danforth Avenue,Toronto,+1 416-698-0283
785,Lapinou,French,4,43.6444,-79.40155,642 King Street W,Toronto,+1 416-479-4414
887,Cafe CanCan,French,3.5,43.66271534,-79.40348546,89 Harbord Street,Toronto,+1 647-341-3100
993,Le Paradis Brasserie Bistro,French,3.5,43.67506,-79.40025,166 Bedford Road,Toronto,+1 416-921-0995
51,The Oxley,Gastropubs,4,43.6707168,-79.393126,121 Yorkville Avenue,Toronto,+1 647-348-1300
79,Her Father's Cider Bar & Kitchen,Gastropubs,4.5,43.66232,-79.40453,119 Harbord Street,Toronto,+1 647-347-7747
409,The Commoner,Gastropubs,4,43.65191,-79.44797,2067 Dundas Street W,Toronto,+1 647-351-2067
443,Nomads Restobar,Gastropubs,4.5,43.6586977,-79.35014393,701 Queen Street E,Toronto,+1 416-551-1553
727,Morgan's On the Danforth,Gastropubs,4,43.68194,-79.3302284,1282 Danforth Avenue,Toronto,+1 416-461-3020
730,DeSotos Eatery,Gastropubs,4,43.6786263,-79.4396588,1079 St Clair Avenue West,Toronto,+1 416-651-2109
737,Oakwood Hardware Food & Drink,Gastropubs,4,43.68621855,-79.43819859,337 Oakwood Avenue,Toronto,+1 416-658-9898
780,Mill Street Beer Hall,Gastropubs,3,43.65044245,-79.35844275,21 Tank House Lane,Toronto,+1 416-681-0338
975,The Alpine,Gastropubs,4,43.66562,-79.4652,2872 Dundas Street W,Toronto,+1 647-352-5585
160,Otto's Bierhalle,German,4,43.64335,-79.42202,1087 Queen Street W,Toronto,+1 416-901-5472
345,Wvrst,German,4,43.64418555,-79.40101486,609 King Street W,Toronto,+1 416-703-7775
635,Otto's Berlin Dí_ner,German,4,43.6563397,-79.4029066,256 Augusta Avenue,Toronto,+1 647-347-7713
121,Pantheon Restaurant,Greek,4,43.67744,-79.35129,407 Danforth Avenue,Toronto,+1 416-778-1929
182,Mykonos Mediterranean Grill,Greek,4,43.67436,-79.38799,881 Yonge Street,Toronto,+1 416-963-8444
217,Athens Restaurant,Greek,4,43.6789599,-79.34341,707 Danforth Avenue,Toronto,+1 416-465-4441
274,Mezes,Greek,4,43.678004,-79.3502135,456 Danforth Avenue,Toronto,+1 416-778-5150
299,Mamakas Taverna,Greek,4,43.64596,-79.41986,80 Ossington Avenue,Toronto,+1 416-519-5996
600,Anestis Taverna,Greek,4,43.67843,-79.34821,526 Danforth Avenue,Toronto,+1 416-461-1996
644,Palace Restaurant,Greek,4.5,43.67983,-79.34545,722 Pape Avenue,Toronto,+1 416-462-1166
801,Soulas Modern Greek Cuisine,Greek,4,43.67825338,-79.34881959,500 A Danforth Avenue,Toronto,+1 416-778-0500
845,The Greek Grill,Greek,4,43.69357,-79.3501,128 O'Connor Drive,Toronto,+1 416-461-5200
979,Souv Like,Greek,4.5,43.67948,-79.34532,708 Pape Avenue,Toronto,+1 647-349-9420
524,Dí_nerland,Halal,4.5,43.64573344,-79.44869476,217 Roncesvalles Avenue,Toronto,+1 416-546-8066
955,Poke Guys,Hawaiian,4,43.65484,-79.38517,112 Elizabeth Street,Toronto,+1 416-506-7653
141,Tibet Kitchen,Himalayan/Nepalese,4.5,43.640095,-79.439659,1544 Queen Street W,Toronto,+1 416-913-8726
346,Momo Hut & Gardens,Himalayan/Nepalese,4.5,43.6773492,-79.3513541,401 Danforth Avenue,Toronto,+1 416-363-8580
546,Shangrila Tibetan & Asian Cuisine,Himalayan/Nepalese,4,43.63974006,-79.44154386,1600 Queen Street W,Toronto,+1 416-588-1100
826,Little Tibet  Restaurant,Himalayan/Nepalese,4.5,43.6401,-79.438,1449A Queen Street W,Toronto,+1 416-532-9728
918,Loga's Corner,Himalayan/Nepalese,4.5,43.64053,-79.43597,216C Close Avenue,Toronto,+1 647-761-0965
618,Beijing Hot Pot Restaurant,Hot Pot,4,43.7739998,-79.3411815,107 Parkway Forest Drive,Toronto,+1 647-342-2028
661,Liuyishou Hotpot Downtown Toronto,Hot Pot,4,43.65169,-79.39796,254 Spadina Avenue,Toronto,+1 416-777-1682
41,"The Westin Harbour Castle, Toronto",Hotels,3,43.64106679,-79.37620572,1 Harbour Square,Toronto,+1 416-869-1600
52,The Hazelton Hotel,Hotels,4.5,43.6708347,-79.3937136,118 Yorkville Avenue,Toronto,+1 416-963-6300
166,Radisson Admiral Hotel Toronto-Harbourfront,Hotels,3.5,43.63862554,-79.38722494,249 Queen's Quay West,Toronto,+1 416-203-3333
350,The Grand Hotel & Suites,Hotels,4,43.65646,-79.37376,225 Jarvis St,Toronto,+1 416-863-9000
426,Filmores Hotel,Hotels,3,43.65773,-79.37337,212 Dundas St E,Toronto,+1 416-921-2191
427,Hotel Victoria,Hotels,4,43.64813,-79.37778,56 Yonge St,Toronto,+1 416-363-1666
500,The Ritz-Carlton Toronto,Hotels,4,43.64534827,-79.38694417,181 Wellington Street W,Toronto,+1 416-585-2500
518,The Anndore House,Hotels,4.5,43.66858,-79.38537,15 Charles Street E,Toronto,+1 833-745-8370
533,Four Seasons Toronto,Hotels,4.5,43.6718235,-79.38978689,60 Yorkville Avenue,Toronto,+1 416-964-0411
575,Hyatt Regency Toronto,Hotels,3.5,43.6464799,-79.39171,370 King Street West,Toronto,+1 416-343-1234
719,Residence Inn Toronto Downtown/Entertainment District,Hotels,4,43.644767,-79.390728,255 Wellington Street West,Toronto,+1 416-581-1800
765,Marriott Downtown at CF Toronto Eaton Centre,Hotels,4,43.65472844,-79.38242164,525 Bay Street,Toronto,+1 416-597-9200
128,Budapest Restaurant,Hungarian,4.5,43.68097,-79.30996,1959 Gerrard Street E,Toronto,+1 647-347-5047
549,Budapest Restaurant,Hungarian,5,43.69676,-79.44651,1708 Eglinton Avenue W,Toronto,+1 416-551-5881
574,Country Style Hungarian Restaurant,Hungarian,3.5,43.66579,-79.409,450 Bloor Street W,Toronto,+1 416-536-5966
974,Europe Bar & Restaurant,Hungarian,4,43.71817,-79.4297799,3030 Bathurst Street,North York,+1 647-436-9739
5,Park Snacks,Ice Cream & Frozen Yogurt,4,43.6669006,-79.3631592,161 Winchester Street,Toronto,+1 647-668-6787
648,Kekou Gelato,Ice Cream & Frozen Yogurt,4.5,43.64879,-79.39702,394 Queen Street W,Toronto,+1 416-516-0637
230,Aanch Modernistic Indian Cuisine,Indian,4.5,43.64476,-79.39066,259 Wellington St W,Toronto,+1 416-599-0513
334,Naanspot- Modern Indian Cuisine,Indian,4.5,43.65776,-79.4022,310 College Street,Toronto,+1 647-343-6226
488,My Roti Place,Indian,5,43.73146,-79.40411,3334 Yonge Street,Toronto,+1 416-489-7684
496,Thindi,Indian,5,43.65734,-79.38093,335 Yonge Street,Toronto,+1 416-931-6016
511,Matha Roti - East Indian Cuisine,Indian,4.5,43.66209,-79.40613,141 Harbord Street,Toronto,+1 416-966-6955
536,Himalayan Kitchen,Indian,4.5,43.6403,-79.43889,1526 Queen Street W,Toronto,+1 416-536-4138
589,Goa Kitchen,Indian,4,43.768352,-79.386449,2901 Bayview Avenue,Toronto,+1 647-352-1661
697,Lageez,Indian,4.5,43.7108417,-79.2913192,641 Pharmacy Avenue,Toronto,+1 416-285-7999
713,Khau Gully,Indian,4,43.70055,-79.39673,1991 Yonge Street,Toronto,
715,Leela Indian Food Bar,Indian,4,43.66568643,-79.47376393,3108 Dundas Street W,Toronto,+1 416-769-7777
781,Pukka,Indian,4,43.681191,-79.429274,778 St. Clair Avenue W,Toronto,+1 416-342-1906
790,Bukhara Grill,Indian,4,43.6508421,-79.477041,2241A Bloor Street W,Toronto,+1 416-551-5199
821,Cumin Kitchen - Fine Indian Cuisine,Indian,4.5,43.68469,-79.3184,1820 Danforth Avenue,Toronto,+1 647-748-5522
822,Chadani Indian Cuisine,Indian,4.5,43.649,-79.37472,51 Colborne Street,Toronto,+1 647-748-4090
898,Kathmandu Restaurant,Indian,3.5,43.67113,-79.38792,12 Cumberland Street,Toronto,+1 647-345-4214
926,Sher-E-Punjab,Indian,4,43.67713,-79.35299,351 Danforth Avenue,Toronto,+1 416-465-2125
935,Banjara Indian Cuisine,Indian,3.5,43.66315,-79.42188,796 Bloor Street W,Toronto,+1 416-963-9360
942,Indian Roti House,Indian,4,43.6394,-79.38546,256 Queens Quay W,Toronto,+1 416-260-6666
309,Little Sister,Indonesian,3.5,43.7015676,-79.3970751,2031 Yonge Street,Toronto,+1 416-488-2031
449,Galleria Supermarket,International Grocery,4,43.6645899,-79.38475,558 Yonge Street,Toronto,+1 647-925-4200
0,Eataly,Italian,3.5,43.66961542,-79.38879486,55 Bloor Street W,Toronto,+1 437-374-0250
15,Gusto 101,Italian,4,43.64500213,-79.40030934,101 Portland Street,Toronto,+1 416-504-9669
43,Grazie Ristorante,Italian,4,43.70934,-79.39852,2373 Yonge Street,Toronto,+1 416-488-0822
46,Agio,Italian,4.5,43.67599,-79.45066,1351 St Clair Avenue W,Toronto,+1 647-348-4814
50,L'Unita Enoteca,Italian,4.5,43.67431,-79.39668,134 Avenue Road,Toronto,+1 416-964-8686
56,Mangia & Bevi,Italian,4,43.6522239,-79.36630726,260 King Street E,Toronto,+1 416-613-1236
59,Trattoria Nervosa,Italian,4,43.67101,-79.39104,75 Yorkville Avenue,Toronto,+1 416-961-4642
62,Giulietta,Italian,4,43.65353,-79.42764,972 College Street W,Toronto,+1 416-964-0606
70,Osteria Rialto,Italian,4,43.66114,-79.43072,1006 Bloor Street W,Toronto,+1 416-306-8123
72,Nodo Restaurant,Italian,4.5,43.68101106,-79.42979917,794 Saint Clair Avenue W,Toronto,+1 647-748-1559
76,Buca,Italian,4,43.64462,-79.40045,604 King Street W,Toronto,+1 416-865-1600
83,Fieramosca,Italian,4.5,43.66963,-79.39719,36A Prince Arthur Avenue,Toronto,+1 416-323-0636
84,Ristorante Sotto Sotto,Italian,4,43.67374,-79.39646,120 Avenue Road,Toronto,+1 416-962-0011
88,Famiglia Baldassarre,Italian,4.5,43.67052,-79.4350599,122 Geary Avenue,Toronto,+1 647-293-5395
95,Buca Yorkville,Italian,3.5,43.67214,-79.3894,53 Scollard Street,Toronto,+1 416-962-2822
106,Sugo,Italian,4.5,43.65831,-79.44223,1279 Bloor Street  W,Toronto,+1 416-535-1717
111,Nodo Restaurant,Italian,4,43.6653384,-79.46566164,2885 Dundas Street West,Toronto,+1 416-901-1559
122,Don Alfonso 1890,Italian,4,43.65052,-79.37594,19 Toronto Street,Toronto,+1 416-214-5888
156,Piano Piano,Italian,3.5,43.7045,-79.3883,623 Mt Pleasant Road,Toronto,+1 416-483-9789
157,Five Doors North,Italian,4,43.70221527,-79.39761437,2088 Yonge Street,Toronto,+1 416-480-6234
162,Viaggio,Italian,4.5,43.64992753,-79.43902832,1727 Dundas St W,Toronto,+1 416-519-8165
164,Carisma,Italian,4,43.65032,-79.37596,15 Toronto Street,Toronto,+1 416-864-7373
169,Balsamico Ristorante,Italian,4.5,43.70154,-79.39697,2029 Yonge St,Toronto,+1 647-348-0337
174,Blu Ristorante,Italian,4,43.67160781,-79.3884385,17 Yorkville Ave,Toronto,+1 416-921-1471
179,Enoteca Sociale,Italian,4,43.6496799,-79.42567,1288 Dundas St W,Toronto,+1 416-534-1200
185,Gio Rana's Really Really Nice Restaurant,Italian,4,43.66333534,-79.33041893,1220 Queen Street East,Toronto,+1 416-469-5225
196,Wynona,Italian,4.5,43.66706,-79.34454,819 Gerrard Street E,Toronto,+1 416-778-5171
209,Stelvio,Italian,4,43.65168,-79.40769,791 Dundas Street W,Toronto,
211,CANO Restaurant,Italian,4.5,43.67871,-79.44058,1108 St Clair Avenue W,Toronto,+1 416-901-3655
227,Ristorante Marzitelli,Italian,5,43.66702,-79.38121,555 Church Street,Toronto,+1 647-784-9656
229,7 Numbers Restaurant,Italian,4,43.7037199,-79.4137,516 Eglinton Avenue W,Toronto,+1 416-322-5183
234,Nove Trattoria,Italian,4,43.68674,-79.3937399,1406 Yonge St,Toronto,+1 647-345-5848
245,Levetto,Italian,4,43.64152,-79.4221,68 Sudbury Street,Toronto,+1 647-350-3933
251,Trattoria Taverniti,Italian,4,43.65511,-79.41348,591 College Street,Toronto,+1 416-537-0078
286,Napoli Centrale,Italian,4.5,43.6695182,-79.4129745,964 Bathurst Street,Toronto,+1 416-901-6791
292,Terrazza,Italian,4,43.6590509,-79.4223089,372 Harbord Street,Toronto,+1 647-343-3283
302,Portici,Italian,4,43.6726242,-79.3885437,6 Scollard Street,Toronto,+1 647-351-2235
307,La Palma,Italian,3.5,43.6512699,-79.41009,849 Dundas Street W,Toronto,+1 416-368-4567
318,Il Covo,Italian,4,43.65516592,-79.4133123,585 College Street,Toronto,+1 416-530-7585
324,Vicino Italian Kitchen,Italian,4.5,43.6590461,-79.3600043,146 Sumach St,Toronto,
330,Daddyo's Pasta & Salads,Italian,4,43.6645899,-79.40234,673 Spadina Avenue,Toronto,+1 416-598-5522
333,Annette Food Market,Italian,4,43.66254265,-79.47112799,240 Annette Street,Toronto,+1 416-519-4103
378,Terroni,Italian,3.5,43.6507999,-79.3756,57A Adelaide Street E,Toronto,+1 416-203-3093
382,The Cherie  Bistro,Italian,4,43.66512,-79.3808763,538 Church Street,Toronto,+1 416-968-1010
386,Jamie's Italian,Italian,3,43.72664615,-79.45305781,3401 Dufferin Street,Toronto,+1 416-238-7450
411,Ascari Enoteca,Italian,4,43.6619301,-79.3353424,1111 Queen Street E,Toronto,+1 416-792-4157
424,Cellar Door,Italian,4,43.6000214,-79.5076675,3003 Lake Shore Boulevard W,Toronto,+1 416-253-0303
437,Oretta,Italian,3.5,43.64392,-79.40163,633 King Street W,Toronto,+1 416-944-1932
460,Ardo Restaurant,Italian,4,43.65103,-79.36839,243 King Street E,Toronto,+1 647-347-8930
498,Terroni,Italian,3,43.68001128,-79.39051915,1095 Yonge Street,Toronto,+1 416-925-4020
504,Lucia,Italian,3.5,43.66494,-79.45418,1595 Dupont Street,Toronto,+1 416-901-4533
530,Fusaro's,Italian,4,43.65341,-79.36956,294 Richmond Street E,Toronto,+1 647-347-3309
535,Uncle Tony's,Italian,4,43.6486015,-79.3749695,38 Wellington Street E,Toronto,+1 416-868-9564
548,La Sala Restaurant,Italian,4,43.66974459,-79.30060722,1975a Queen Street E,Toronto,+1 416-694-0004
566,Sofia,Italian,3,43.67076,-79.39183,99 Yorkville Ave,Toronto,+1 416-479-8974
568,Kit Kat Italian Bar & Grill,Italian,4,43.64634,-79.3901,297 King Street W,Toronto,+1 416-977-4461
604,Quanto Basta,Italian,3.5,43.67874,-79.39051,1112 Yonge Street,Toronto,+1 416-962-3141
608,Casa Di Giorgios,Italian,4,43.6668499,-79.31518,1646 Queen St E,Toronto,+1 416-686-7066
610,Buono,Italian,4,43.64925,-79.39545,354 Queen Street W,Toronto,+1 416-205-1001
612,The Old Spaghetti Factory,Italian,3,43.6469106,-79.3743409,54 The Esplanade,Toronto,+1 416-864-9761
645,Pasta Pronta,Italian,4,43.65632129,-79.3881743,525 University Avenue,Toronto,+1 647-748-3635
655,Scaddabush Italian Kitchen & Bar,Italian,3.5,43.6449,-79.38549,200 Front Street W.,Toronto,+1 416-979-3665
669,Francobollo Posto Italino,Italian,4,43.734442,-79.419466,1959 Avenue Road,Toronto,+1 416-481-3888
686,Dimmi Bar & Trattoria,Italian,3.5,43.67017,-79.3927,140 Cumberland St,Toronto,+1 416-975-1100
695,Donatello Restaurant,Italian,4,43.657425,-79.383474,37 Elm Street,Toronto,+1 416-595-5001
706,Paul's Spaghetti,Italian,4,43.6931,-79.33362,488 Cosburn Avenue,Toronto,+1 416-422-4362
716,Salto Restaurant,Italian,4.5,43.6749099,-79.43089,1138 Davenport Road,Toronto,+1 416-653-3077
724,Noce Restaurant,Italian,4,43.64552,-79.41132,875 Queen Street W,Toronto,+1 416-504-3463
733,Trattoria Mercatto,Italian,3.5,43.65367,-79.38007,220 Yonge Street,Toronto,+1 647-352-3390
739,La Vecchia Ristorante,Italian,3.5,43.7103565,-79.3989339,2405A Yonge Street,Toronto,+1 416-489-0630
759,Nodo Leslieville,Italian,4,43.66311,-79.33162,1192 Queen Street East,Toronto,+1 416-792-4196
772,Pizzeria Moretti,Italian,3.5,43.64478,-79.39232,328 Wellington Street W,Toronto,+1 416-901-3099
807,Caffino Ristorante,Italian,4,43.63914,-79.42547,1185 King Street W,Toronto,+1 416-588-9010
833,Terroni,Italian,3.5,43.6464,-79.40917,720 Queen Street W,Toronto,+1 416-504-0320
854,La Vecchia Ristorante,Italian,3,43.625476,-79.4774428,90 Marine Parade Dr,Toronto,+1 416-251-5999
861,Archeo,Italian,3,43.65067992,-79.35954048,31 Trinity Street,Toronto,+1 416-815-9898
863,Focaccia Restaurant,Italian,3.5,43.66933,-79.386,17 Hayden Street,Toronto,+1 416-323-0179
888,Il Ponte Cucina Italiana,Italian,4,43.658,-79.35295,625 Queen Street E,Toronto,+1 416-778-0404
899,Mattachioni,Italian,4,43.66487589,-79.45497255,1617 Dupont Street,Toronto,+1 416-519-1010
922,Regina Pizzeria & Trattoria,Italian,4,43.654881,-79.420858,782 College Street,Toronto,+1 416-535-2273
924,Fusaro's Kitchen,Italian,4,43.64808,-79.39556,147 Spadina Avenue,Toronto,+1 416-260-8414
949,7 West Cafe,Italian,3.5,43.66856619,-79.38652575,7 Charles Street W,Toronto,+1 416-928-9041
951,7 West Cafe,Italian,3.5,43.66856619,-79.38652575,7 Charles Street W,Toronto,+1 416-928-9041
961,Paisano,Italian,3.5,43.7541723,-79.3495129,865 York Mills Road,Toronto,+1 416-222-5487
971,Padella,Italian,4,43.7346999,-79.41951,1967 Avenue Road,Toronto,+1 416-519-8222
982,The Peasant Table,Italian,3.5,43.65953565,-79.34732406,782 Queen Street E,Toronto,+1 647-343-7022
989,Mistura Restaurant,Italian,3.5,43.6742947,-79.3982251,265 Davenport Road,Toronto,+1 416-515-0009
996,Bar Mercurio,Italian,3,43.66748177,-79.40064638,270 Bloor Street W,Toronto,+1 416-960-3877
12,KINKA IZAKAYA ORIGINAL,Japanese,4,43.66045,-79.37915,398 Church Street,Toronto,+1 416-977-0999
19,KINKA IZAKAYA HARBOURFRONT,Japanese,4,43.64157,-79.37978,110 Harbour Street,Toronto,+1 647-348-0110
29,Katsuya,Japanese,4.5,43.65995,-79.37882,66 Gerrard Street E,Toronto,+1 416-591-7756
39,The Haam,Japanese,4,43.64743,-79.39308,342 Adelaide St W,Toronto,+1 416-977-7258
60,Kintaro Izakaya,Japanese,4,43.66417,-79.38006,459 Church Street,Toronto,+1 647-560-5335
71,Gyugyuya,Japanese,4.5,43.66607,-79.40773,402 Bloor Street W,Toronto,+1 647-343-7700
78,Miku,Japanese,4,43.6412346,-79.3773697,105-10 Bay Street,Toronto,+1 647-347-7347
80,Okonomi House Restaurant,Japanese,4,43.66831107,-79.38713375,23 Charles Street W,Toronto,+1 416-925-6176
86,KINKA IZAKAYA ANNEX,Japanese,4,43.6650736,-79.4106256,559 Bloor Street West,Toronto,+1 647-343-1101
87,Hanmoto,Japanese,4,43.64966073,-79.42268129,2 Lakeview Avenue,Toronto,
92,Yasu,Japanese,4.5,43.66269,-79.40314,81 Harbord Street,Toronto,+1 416-477-2361
109,Guu Izakaya Toronto,Japanese,4,43.6418673,-79.43109041,1314 Queen Street W,Toronto,+1 647-351-1314
140,Onnki Donburi,Japanese,4,43.66996,-79.38455,40 Hayden Street,Toronto,+1 647-349-7707
146,Omai Restaurant,Japanese,4,43.6561,-79.39234,3 Baldwin Street,Toronto,+1 647-341-7766
151,Kingyo,Japanese,4,43.6658629,-79.3681972,51B Winchester Street,Toronto,+1 647-748-2121
178,Tokyo Kitchen,Japanese,4,43.66908,-79.38509,20 Charles Street E,Toronto,+1 416-968-9889
195,Hajime Udon,Japanese,4.5,43.67508,-79.40687,270 Dupont Street,Toronto,+1 416-792-7790
210,Kintako Japanese Restaurant,Japanese,4,43.711488,-79.3640926,214 Laird Drive,Toronto,+1 416-800-6074
221,Raku,Japanese,4,43.64831,-79.39944,456 Queen St W,Toronto,+1 416-546-9325
222,Shitamachi Tendon Akimitsu,Japanese,3.5,43.65729,-79.38358,41 Elm Street,Toronto,+1 416-519-6794
240,Zakkushi,Japanese,4.5,43.64706,-79.40546,620 Queen Street W,Toronto,+1 416-364-5252
243,COO Cafí© Bread or Rice,Japanese,4.5,43.66049747,-79.43192784,1049 Bloor Street W,Toronto,+1 647-351-5166
249,Zakkushi On Carlton,Japanese,4,43.66343,-79.37062,193 Carlton Street,Toronto,+1 647-352-9455
250,Koyoi Restaurant & Bar,Japanese,4,43.66667863,-79.38546762,2 Irwin Avenue,Toronto,+1 647-351-5128
253,Manpuku Japanese Eatery,Japanese,4,43.65406,-79.39101,105 McCaul Street,Toronto,+1 416-979-6763
268,TORA,Japanese,3.5,43.72445557,-79.45526188,612B-3401 Dufferin Street,Toronto,
289,Shoushin,Japanese,4,43.73133,-79.40416,3328 Yonge Street,Toronto,+1 416-488-9400
297,Gyubee Japanese Grill - Dundas,Japanese,4.5,43.6551427,-79.3857634,157 Dundas St W,Toronto,+1 416-639-1545
313,Sakai Bar,Japanese,5,43.64997847,-79.43447091,1576 Dundas Street West,Toronto,
314,Gyukatsu Kyoto Katsugyu,Japanese,3.5,43.65687,-79.37616,134 Dundas Street E,Toronto,+1 416-203-8778
327,Katsuya,Japanese,4.5,43.78992211,-79.41845962,6048 Yonge Street,Toronto,+1 647-729-6161
336,JaBistro,Japanese,4,43.64989,-79.38821,222 Richmond Street West,Toronto,+1 647-748-0222
349,Kaiseki Yu-zen Hashimoto,Japanese,4.5,43.72596,-79.33403,6 Garamond Court,Toronto,+1 416-444-7100
364,Soba Canada,Japanese,4,43.6713,-79.38382,120 Bloor Street E,Toronto,+1 416-436-7997
391,Hibachi Teppanyaki & Bar,Japanese,3.5,43.64313853,-79.40205065,550 Wellington Street W,Toronto,+1 416-367-3888
429,Nami Restaurant,Japanese,3.5,43.65097751,-79.37541269,55 Adelaide Street E,Toronto,+1 416-362-7373
433,Isabella's Boutique Restaurant,Japanese,4.5,43.670795,-79.297255,2066 Queen St East,Toronto,+1 416-699-5050
453,Chotto Matte Toronto,Japanese,3.5,43.64643269,-79.37869593,161 Bay Street,Toronto,+1 416-988-8097
463,Mr.Tonkatsu,Japanese,4,43.66541,-79.41074,520 Bloor Street W,Toronto,+1 416-537-9000
477,Sushi Avenue,Japanese,5,43.67481,-79.3969,150 Avenue Road,Toronto,+1 416-972-1888
486,Torch Pressed Sushi,Japanese,4.5,43.66590932,-79.38082304,507 Church St,Toronto,+1 416-929-0678
502,Akira Back,Japanese,4,43.64541,-79.3923,80 Blue Jays Way,Toronto,+1 437-800-5967
516,Nakamori,Japanese,4,43.73692,-79.24466,2803 Eglinton Avenue E,Toronto,+1 416-265-7111
522,MamaDon,Japanese,4.5,43.66484,-79.41336,606 Bloor Street W,Toronto,
532,Skippa,Japanese,4,43.65874149,-79.42284156,379 Harbord Street,Toronto,+1 416-535-8181
539,Sakawa Coffee & Japanese Restaurant,Japanese,4.5,43.67971,-79.33964,867 Danforth Ave,Toronto,
547,Yukashi Japanese Cuisine,Japanese,4.5,43.7049499,-79.3884999,643A Mount Pleasant Road,Toronto,+1 416-489-6993
563,Zen Sanuki Udon,Japanese,3.5,43.81547,-79.29343,3720 Midland Ave,Toronto,+1 416-881-8899
565,Imanishi Japanese Kitchen,Japanese,4,43.64969,-79.42657,1330 Dundas Street W,Toronto,+1 416-706-4225
595,Akai Sushi,Japanese,4,43.66259,-79.40505,168 Major Street,Toronto,+1 647-340-3558
606,Katsuya,Japanese,4,43.787399,-79.2670943,4447 Sheppard Ave E,Toronto,+1 416-293-4449
617,TORCH Pressed Sushi,Japanese,4,43.78948185,-79.41819493,6026 Yonge St,Toronto,+1 416-733-8338
619,Masaki Saito,Japanese,3.5,43.67224,-79.39586,88 Avenue Road,Toronto,+1 416-924-0888
685,Kiyo,Japanese,4.5,43.680565,-79.4175732,1384 Bathurst Street,Toronto,+1 416-519-0234
704,You Don Ya,Japanese,3.5,43.6557138,-79.38412092,108 Dundas St W,Toronto,+1 647-748-9399
745,Maido Japanese Restaurant,Japanese,4,43.6664314,-79.405632,364 Bloor Street W,Toronto,+1 416-961-7702
775,KINKA IZAKAYA NORTH  YORK,Japanese,3.5,43.76030341,-79.40979768,4775 Yonge Street,Toronto,+1 647-346-6246
783,The Shozan Room,Japanese,4.5,43.64791,-79.4205,164 Ossington Ave,Toronto,
784,AKA-ONI Izakaya,Japanese,4,43.82198556,-79.29891977,633 Silver Star Boulevard,Toronto,+1 416-298-3828
802,Gyu-Kaku Japanese BBQ,Japanese,4,43.6515,-79.37482,81 Church Street,Toronto,+1 647-351-2378
805,Mr.Tonkatsu,Japanese,4,43.66434,-79.38454,548 Yonge Street,Toronto,+1 416-901-9151
813,KaKa All You Can Eat,Japanese,3.5,43.6578757,-79.3843752,655 Bay Street,Toronto,+1 416-979-3288
849,Gyubee Japanese Grill - Scarborough,Japanese,4,43.8154009,-79.2926838,3720 Midland Ave,Toronto,
852,KINTORI YAKITORI,Japanese,3.5,43.66419,-79.41632,668 Bloor Street West,Toronto,+1 647-350-0668
855,Sake Bar Kushi,Japanese,4,43.7048332,-79.4069172,257 Eglinton Avenue W,Toronto,+1 647-748-7253
858,Kokyo Japanese Restaurant,Japanese,4,43.6824,-79.47113,572 Rogers Road,Toronto,+1 416-962-6968
897,Udon Kitanoya,Japanese,3.5,43.66543,-79.40875,513 Bloor Street W,Toronto,+1 416-519-8513
929,Kiro Sushi,Japanese,4,43.67226623,-79.38744119,4 Collier Street,Toronto,+1 647-347-3262
930,Aug-08,Japanese,3.5,43.65461357,-79.39862888,331 Spadina Ave,Toronto,+1 416-597-2288
945,Iruka Sushi,Japanese,3.5,43.63693646,-79.39664073,550 Queens Quay W,Toronto,+1 647-350-5722
977,Kasa Moto,Japanese,3.5,43.670608,-79.3927837,115 Yorkville Avenue,Toronto,+1 647-348-7000
995,Avocado Sushi,Japanese,4,43.6677895,-79.3883896,1105 Bay Street,Toronto,+1 416-323-9770
674,The Emmet Ray,Jazz & Blues,4,43.65393,-79.42571,924 College Street,Toronto,+1 416-792-4497
579,Efes Kebab House,Kebab,4.5,43.680413,-79.3384151,940 Danforth Avenue,Toronto,+1 647-340-3337
598,ZIBA Berlin Dí_ner,Kebab,4,43.66651,-79.31692,1608 Queen Street E,Toronto,+1 416-466-2422
100,Jin Dal Lae,Korean,4.5,43.664166,-79.41517,647 Bloor Street W,Toronto,+1 416-530-6974
118,Daldongnae,Korean,4,43.78971,-79.41825,6034 Yonge Street,Toronto,+1 416-226-6034
144,Korean Village Restaurant,Korean,4,43.66461,-79.41444,628 Bloor Street W,Toronto,+1 416-536-0290
152,Odd Seoul,Korean,4,43.64619,-79.419686,90 Ossington Avenue,Toronto,+1 647-346-8151
155,Yummy Korean Food Restaurant,Korean,4,43.66469,-79.4140199,620 Bloor Street W,Toronto,+1 647-345-6588
172,Daldongnae,Korean,4,43.6642855,-79.415693,658 Bloor Street,Toronto,+1 416-901-2820
193,Uncle Mikey's,Korean,4.5,43.64966,-79.43484,1597 Dundas Street W,Toronto,+1 416-537-8973
198,Dasoni,Korean,4.5,43.68233,-79.42381,630 St Clair Ave W,Toronto,+1 647-343-2878
276,Little Piggy's - Authentic Korean BBQ,Korean,3.5,43.6659,-79.406785,469 Bloor St W,Toronto,+1 416-972-1674
340,32 Chicken St.,Korean,4.5,43.6564,-79.40651,409 College Street,Toronto,+1 647-748-0032
384,Mezu,Korean,4.5,43.64938,-79.42787,1375 Dundas Street W,Toronto,+1 647-346-8858
388,Dasoni,Korean,4.5,43.68233,-79.42381,630 St Clair Ave W,Toronto,+1 647-343-2878
396,Hancook Cheese Dakgalbi,Korean,4,43.66457,-79.41304,605 Bloor Street W,Toronto,+1 416-516-1222
421,Seor Ak San,Korean,4,43.65557,-79.3986,357 Spadina Avenue,Toronto,+1 416-977-2788
430,Buk Chang Dong Soon Tofu,Korean,4,43.66363,-79.4169299,691 Bloor Street W,Toronto,+1 416-537-0972
432,Hanyang Jokbal,Korean,3.5,43.78895349,-79.41831429,6016 Yonge Street,Toronto,
450,Doo Roo Ae,Korean,3.5,43.6639519,-79.4155197,659 Bloor Street  West,Toronto,+1 647-350-8133
503,Epicure City BOM,Korean,4,43.65854,-79.3852,72 Gerrard Street W,Toronto,+1 416-971-5882
508,Insadong,Korean,4.5,43.6480451,-79.5291757,4941 Dundas Street W,Toronto,+1 416-746-0777
517,Pujukan Authentic Korean BBQ,Korean,3.5,43.76262,-79.41152,4852 Yonge Street,Toronto,+1 416-840-0589
527,Yeon,Korean,5,43.64838,-79.39734,465 Queen Street W,Toronto,
542,Barrio Coreano,Korean,3.5,43.6645245,-79.4150668,642 Bloor Street W,Toronto,+1 416-901-5188
572,Mapo Gamjatang,Korean,4,43.76418492,-79.41207681,4916 Yonge St,Toronto,+1 416-225-4343
601,The Manna,Korean,4.5,43.6638499,-79.41828,726 Bloor Street,Toronto,+1 416-534-5441
638,Makkal Chon,Korean,4,43.7447,-79.29678,1979 Lawrence Avenue E,Toronto,+1 416-757-3945
668,Dakgogi,Korean,3,43.66489,-79.38314,25 Wellesley Street E,Toronto,+1 647-350-1999
698,MaMa Chef Korean Restaurant,Korean,4,43.66444,-79.41534,648 Bloor Street W,Toronto,+1 416-516-8383
797,Miss Korea,Korean,3,43.669074,-79.385948,687 Yonge Street,Toronto,+1 647-748-9100
828,Sunrise House,Korean,3.5,43.66401,-79.41561,661 Bloor Street W,Toronto,+1 416-535-1019
830,Hawk & Chick,Korean,4.5,43.64977,-79.42955,1426 Dundas Street W,Toronto,
832,Seoul Food Take-Out,Korean,4.5,43.67205475,-79.37689964,606 Sherbourne Street,Toronto,+1 416-450-0519
838,Onnuri,Korean,4,43.80428,-79.33133,3330 Pharmacy Avenue,Toronto,
873,Restaurant Beijing,Korean,4.5,43.64846466,-79.52882029,4925 Dundas Street W,Toronto,+1 647-343-7838
875,Chaban,Korean,4,43.62479127,-79.51043442,872 The Queensway,Toronto,+1 416-255-8222
885,Bi Bim Bap,Korean,4,43.70055,-79.4287204,950 Eglinton Avenue W,Toronto,+1 416-787-7423
900,K-Wok,Korean,3,43.66891154,-79.38647009,730 Yonge Street,Toronto,+1 647-350-5965
919,Lims Chicken,Korean,3.5,43.664402,-79.4141941,623 Bloor Street W,Toronto,+1 416-537-8288
939,Yupdduk Bloor,Korean,4,43.66473,-79.4138,612 Bloor Street W,Toronto,+1 416-732-7989
987,Paldo Gangsan,Korean,4,43.664,-79.41743,694 Bloor Street  W,Toronto,+1 416-536-7517
165,CN Tower,Landmarks & Historical Buildings,4,43.642561,-79.387062,301 Front St W,Toronto,+1 416-868-6937
22,Sabai Sabai Kitchen and Bar,Laotian,4,43.67045344,-79.38472159,81 Bloor Street E,Toronto,+1 647-748-4225
143,Mi Tierra Restaurant,Latin American,4,43.68082,-79.43111,828 Street  Clair Ave W,Toronto,+1 416-654-8886
241,La Bella Managua,Latin American,4.5,43.66232,-79.42495,872 Bloor Street W,Toronto,+1 416-913-4227
315,Bloom Restaurant,Latin American,4,43.65017,-79.47968,2315 Bloor Street W,Toronto,+1 416-767-1315
696,Maiz,Latin American,4,43.72876913,-79.40354537,3220 Yonge Street,Toronto,+1 647-341-8555
874,Cocina de Doí±a Julia,Latin American,4.5,43.6652489,-79.4524689,1545 Dupont Street,Toronto,+1 416-536-4577
907,Maiz,Latin American,4,43.63922,-79.44588,9 Roncesvalles Ave,Toronto,+1 647-341-8553
985,Completo,Latin American,4.5,43.6626328,-79.3340575,5 Coady Avenue,Toronto,+1 416-901-9233
163,Ooshee Mediterranean Oven,Lebanese,5,43.66848,-79.38678,9 Charles Street W,Toronto,
312,Ooshee Mediterranean Oven,Lebanese,5,43.66848,-79.38678,9 Charles Street W,Toronto,
750,M'Zaar Restaurant,Lebanese,4,43.6672475,-79.3855441,668 Yonge Street,Toronto,+1 647-350-0666
34,The Distillery District,Local Flavor,4,43.65013567,-79.35949445,55 Mill Street,Toronto,+1 416-364-1177
119,Chinatown Centre,Local Flavor,3.5,43.65093,-79.3978,222 Spadina Avenue,Toronto,+1 416-599-8877
81,Insomnia Restaurant & Lounge,Lounges,4,43.665961,-79.411003,563 Bloor Street W,Toronto,+1 416-588-3907
90,WAYLA Lounge,Lounges,4,43.66131,-79.33955,996 Queen St E,Toronto,+1 416-901-5570
170,Nomí© Izakaya,Lounges,4,43.76264954,-79.41146851,4848 Yonge Street,Toronto,+1 647-347-7937
559,The Drake Underground,Lounges,4,43.64328,-79.42459,1150 Queen St W,Toronto,+1 416-531-5042
725,Samovar Room,Lounges,1.5,43.66576,-79.36826,51A Winchester St,Toronto,+1 416-925-4555
968,Wish,Lounges,3,43.66861,-79.3855899,3 Charles Street E,Toronto,+1 416-935-0240
879,Ladurí©e Boutique and Tea Salon,Macarons,3.5,43.7246843,-79.4541729,3401 Dufferin St,Toronto,+1 416-629-2391
188,Soos,Malaysian,4,43.6462593,-79.4197464,94 Ossington Avenue,Toronto,+1 416-901-7667
687,One2 Snacks,Malaysian,4.5,43.78719049,-79.27662291,8 Glen Watford Drive,Toronto,+1 647-340-7099
416,Speducci Mercatto,Meat Shops,4.5,43.7048492,-79.4728165,46 Milford Avenue,Toronto,+1 416-242-2777
25,The Elm Tree Restaurant,Mediterranean,4.5,43.6572873,-79.38369655,43 Elm Street,Toronto,+1 416-901-7339
30,Byblos,Mediterranean,4.5,43.647546,-79.388123,11 Duncan Street,Toronto,+1 647-660-0909
148,Bar Sybanne,Mediterranean,4.5,43.64913,-79.42028,229 Ossington Avenue,Toronto,+1 647-350-9229
187,Figs and Olives Kitchen,Mediterranean,4.5,43.66484,-79.38607,24 Wellesley Street W,Toronto,+1 416-546-2873
220,Mayrik,Mediterranean,4.5,43.70568,-79.3754,1580 Bayview Avenue,Toronto,+1 416-483-0922
319,Olio,Mediterranean,4,43.68707344,-79.58680891,801 Dixon Road,Toronto,+1 416-213-7504
321,Constantine,Mediterranean,3.5,43.66858,-79.38537,15 Charles Street E,Toronto,+1 647-475-4436
323,Aviv Immigrant Kitchen,Mediterranean,4.5,43.68078,-79.42912,779 St. Clair Avenue W,Toronto,+1 416-922-2433
379,12 Tables,Mediterranean,4,43.72337235,-79.41627792,1552 Avenue Road,Toronto,+1 416-590-7819
417,Rikkochez,Mediterranean,4.5,43.67711,-79.35317,341 Danforth Avenue,Toronto,+1 416-463-9000
461,Bar Reyna,Mediterranean,3.5,43.6700299,-79.39335,158 Cumberland Street,Toronto,+1 647-748-4464
525,Ricarda's,Mediterranean,4,43.6484621,-79.3936807,134 Peter Street,Toronto,+1 416-304-9134
603,Three Brothers Restaurant,Mediterranean,4.5,43.6270903,-79.49865416,657 The Queensway,Etobicoke,+1 416-253-8809
627,Barista & Chef,Mediterranean,4.5,43.6794533,-79.4374528,1006 Saint Clair Avenue W,Toronto,+1 647-344-1216
630,Sorrel,Mediterranean,3.5,43.6802406,-79.3911819,1158 Yonge Street,Toronto,+1 416-926-1010
761,Estia,Mediterranean,3.5,43.67237,-79.39586,90 Avenue Road,Toronto,+1 416-367-4141
865,Barcelona Tavern,Mediterranean,3.5,43.63981,-79.4204199,109 Atlantic Avenue,Toronto,+1 416-531-0757
880,Plancha,Mediterranean,4,43.65037,-79.37731,44 Victoria Street,Toronto,+1 647-350-6333
927,Leziz  Kitchen,Mediterranean,5,43.60405,-79.53576,418 Horner Avenue,Toronto,+1 416-259-9838
944,Mezzetta Restaurant & Tapas Bar,Mediterranean,3.5,43.68154,-79.42533,681 Saint Clair Avenue W,Toronto,+1 416-658-5687
38,Playa Cabana,Mexican,4,43.67595777,-79.40118402,111 Dupont Street,Toronto,+1 416-929-3911
64,Seven Lives Tacos Y Mariscos,Mexican,4.5,43.65434116,-79.40047961,69 Kensington Avenue,Toronto,+1 416-393-4636
107,El Nahual Tacos,Mexican,4.5,43.6663274,-79.4065874,384 Bloor street west,Toronto,+1 416-901-2988
139,Wilbur Mexicana,Mexican,4,43.64494,-79.39866,552 King Street W,Toronto,+1 416-792-1878
153,Cinco Mexican Restaurant,Mexican,4.5,43.643092,-79.447663,131 Roncesvalles Ave,Toronto,+1 647-245-8380
161,La Chingada,Mexican,4,43.64952344,-79.42420798,1242 Dundas Street West,Toronto,+1 416-535-2242
186,Hacienda las Amí©ricas,Mexican,4.5,43.65688,-79.40703,424 College Street,Toronto,+1 647-347-2931
189,Xola Mexican Food,Mexican,4,43.6725435,-79.2881094,2222A Queen Street  E,Toronto,+1 647-827-9070
191,El Catrin Destileria,Mexican,3.5,43.65052,-79.35883,18 Tank House Lane,Toronto,+1 416-203-2121
197,King's Tacos,Mexican,4,43.67803,-79.4440599,1190 St Clair Avenue W,Toronto,+1 647-342-0262
237,Tacos El Asador,Mexican,4,43.6636499,-79.41686,689 Bloor Street W,Toronto,+1 416-538-9747
254,Campechano Taquerí_a,Mexican,4,43.64586,-79.40077,504 Adelaide Street W,Toronto,+1 416-777-2800
271,Los Guaca-Moles,Mexican,4,43.66454638,-79.41531237,690 Euclid Avenue,Toronto,+1 647-347-5031
273,Viajero Cantina,Mexican,4.5,43.65534,-79.45636,1661 Bloor Street West,Toronto,+1 437-771-5681
294,Cinco Mexican Restaurant,Mexican,4.5,43.643092,-79.447663,131 Roncesvalles Ave,Toronto,+1 647-245-8380
326,El Sazí_n Mexicano,Mexican,4,43.67706084,-79.44778737,1284 St Clair Avenue W,Toronto,+64 7-344 0119
358,La Carnita,Mexican,3.5,43.65601201,-79.40968394,501 College Street,Toronto,+1 416-964-1555
359,Hacienda las Amí©ricas,Mexican,4.5,43.65688,-79.40703,424 College Street,Toronto,+1 647-347-2931
365,Xola Mexican Food,Mexican,4,43.6725435,-79.2881094,2222A Queen Street  E,Toronto,+1 647-827-9070
370,El Catrin Destileria,Mexican,3.5,43.65052,-79.35883,18 Tank House Lane,Toronto,+1 416-203-2121
383,Quetzal,Mexican,4,43.6565243,-79.40698811,419 College Street,Toronto,+1 647-347-3663
387,King's Tacos,Mexican,4,43.67803,-79.4440599,1190 St Clair Avenue W,Toronto,+1 647-342-0262
412,MEXITACO,Mexican,4,43.70862,-79.29554,1109 Victoria Park Avenue,Toronto,+1 647-349-6603
431,Tacos El Asador,Mexican,4,43.6636499,-79.41686,689 Bloor Street W,Toronto,+1 416-538-9747
442,Playa Cabana - Hacienda,Mexican,3,43.6770684,-79.3981842,14 Dupont Street,Toronto,+1 647-352-6030
455,Aztec's Mine,Mexican,4,43.65302,-79.4684988,1986 Bloor Street W,Toronto,+1 647-347-1977
458,Como En Casa,Mexican,4,43.66533915,-79.38449967,565 Yonge Street,Toronto,+1 647-748-6666
476,La Carnita,Mexican,3.5,43.64758537,-79.39038934,106 John Street,Toronto,+1 647-348-1166
512,Mi Taco Taqueria,Mexican,4,43.65026,-79.38865,247 Queen Street W,Toronto,+1 647-352-8226
591,Good Hombres,Mexican,4.5,43.65326,-79.40675,374 Bathurst Street,Toronto,+1 416-862-0425
613,Mexico Lindo,Mexican,4,43.706473,-79.3756,1618 Bayview Ave,Toronto,+1 647-436-4340
615,Comal y Canela,Mexican,5,43.70326,-79.50419,1692B Jane Street,North York,+1 647-689-4694
646,Playa Cabana Cantina,Mexican,3.5,43.66522,-79.46552,2883 Dundas Street W,Toronto,+1 647-352-7767
660,Tenoch Restaurant,Mexican,3.5,43.67944,-79.43508,933 Saint Clair Avenue W,Toronto,+1 647-345-0165
664,La Carnita,Mexican,3.5,43.6596718,-79.3473892,780 Queen Street E,Toronto,+1 647-344-0780
679,Taqueria Gus,Mexican,4.5,43.65437,-79.40161,225 Augusta Avenue,Toronto,
708,Chula Taberna Mexicana,Mexican,4,43.6692562,-79.3359022,1058 Gerrard Street E,Toronto,+1 416-901-9859
758,El Trompo Taco Bar,Mexican,4,43.65591,-79.40227,277 Augusta Ave,Toronto,+1 416-260-0097
794,KÅçst,Mexican,3.5,43.64541,-79.3923,80 Blue Jays Way,Toronto,+1 437-800-5938
835,Ko'ox Hana,Mexican,4.5,43.65473,-79.40231,214 Augusta Avenue,Toronto,+1 647-402-9970
882,Tacorrito,Mexican,4,43.75778218,-79.46595045,170 Rimrock Rd,Toronto,+1 416-630-2332
902,Mad Mexican,Mexican,3.5,43.6586304,-79.4879913,405 Jane Street,Toronto,+1 416-907-5787
923,Chacho's Fine Mexican Dining,Mexican,3.5,43.6978111,-79.3890686,234 Merton Street,Toronto,+1 416-932-2434
964,Itacate,Mexican,4.5,43.67939085,-79.43716116,998 St. Clair Avenue W,Toronto,+1 647-701-0420
969,Rosalinda,Mexican,3.5,43.65007697,-79.38483126,133 Richmond Street W,Toronto,+1 416-907-0650
978,El Charro,Mexican,4,43.6771428,-79.3590065,788 Broadview ave,Toronto,+1 647-358-5883
171,FET ZUN,Middle Eastern,4.5,43.67524,-79.40636,252 Dupont St,Toronto,+1 647-352-3337
219,Pomegranate Restaurant,Middle Eastern,4,43.6569,-79.40694,420 College Street,Toronto,+1 416-921-7557
269,Fat Pasha,Middle Eastern,4,43.67387,-79.41171,414 Dupont Street,Toronto,+1 647-340-6142
301,Camel Restaurant,Middle Eastern,5,43.67885,-79.34413,675 danforth ave,Toronto,+1 416-778-8999
390,Tabí_líÂ Middle Eastern Cuisine,Middle Eastern,4,43.659652,-79.346481,810 Queen Street  E,Toronto,+1 416-465-2500
415,Pomegranate Restaurant,Middle Eastern,4,43.6569,-79.40694,420 College Street,Toronto,+1 416-921-7557
482,Xawaash,Middle Eastern,4,43.71548,-79.5931,130 Queens Plate Drive,Toronto,+1 416-747-7222
507,Chamsine,Middle Eastern,5,43.6544,-79.36919,235 Queen Street E,Toronto,
658,Tabule Restaurant,Middle Eastern,4,43.700983,-79.396863,2009 Yonge Street,Toronto,+1 416-483-3747
755,Souk Tabule,Middle Eastern,4.5,43.65362575,-79.35434201,494 Front Street E,Toronto,+1 416-583-5914
808,Jerusalem Restaurant,Middle Eastern,4,43.70001,-79.42889,955 Eglinton Avenue W,York,+1 416-783-6494
943,Flaming Stove,Middle Eastern,4.5,43.6982689,-79.3957672,21 Davisville Avenue,Toronto,+1 416-644-5051
205,Flor de Sal,Modern European,4,43.6775398,-79.4070129,501 Davenport Road,Toronto,+1 416-923-2604
348,The Golden Pheasant,Modern European,4.5,43.57077,-79.56565,733 Lakeshore Road E,Mississauga,+1 905-781-9374
676,Barnsteiner's,Modern European,3.5,43.68554,-79.3933799,1 Balmoral Avenue,Toronto,+1 416-515-0551
991,Bebo's Authentic Grill,Modern European,4.5,43.6120767,-79.54169791,533 Evans Avenue,Toronto,+1 647-352-2400
819,Morocco House,Moroccan,4,43.609931,-79.549238,876 Browns Line,Etobicoke,+1 416-519-2777
731,Royal Ontario Museum,Museums,4,43.66824413,-79.39476013,100 Queen's Park,Toronto,+1 416-586-8000
53,The Piston,Music Venues,3.5,43.6614,-79.42758,937 Bloor Street,Toronto,+1 416-532-3989
23,Mineral,Noodles,4.5,43.67763,-79.38947,1027 Yonge Street,Toronto,+1 416-925-8565
125,Mogouyan,Noodles,4,43.66943,-79.38671,760 Yonge St,Toronto,
369,Artisan Plus,Noodles,4,43.65578,-79.38444,122 Dundas St W,Toronto,+1 416-599-3189
491,Shi Miaodao Yunnan Rice Noodle,Noodles,4,43.6536,-79.39869,318 Spadina Avenue,Toronto,+1 416-792-8628
768,Sang-Ji Fried Bao,Noodles,4,43.77652,-79.41417,1 Byng Avenue,North York,+1 647-346-9199
962,Jin's Mi-Fen,Noodles,4,43.77831,-79.4147799,5515 Yonge Street,Toronto,+1 647-348-6868
973,Omni Palace Noodle House,Noodles,3.5,43.7713141,-79.3316661,235 Consumers Road,Toronto,+1 416-493-0080
647,Karahi Boys,Pakistani,4,43.74385,-79.29975,1921 Lawrence Avenue E,Toronto,+1 416-901-8727
120,Tabriz Persian Cookhouse,Persian/Iranian,4,43.66529,-79.38722,995 Bay street,Toronto,+1 416-922-2017
360,Herby Restaurant,Persian/Iranian,4.5,43.6774,-79.35147,397 Danforth Ave,Toronto,
366,Shatter Abbas,Persian/Iranian,4.5,43.63973341,-79.38266017,218 Queens Quay W,Toronto,+1 416-551-8010
447,Takht-e Tavoos,Persian/Iranian,4.5,43.6524676,-79.4329894,1120 College Street,Toronto,+1 647-352-7322
556,Sheherzade Persian Grill And Dizi,Persian/Iranian,4,43.65689,-79.40698,422 College St W,Toronto,+1 416-929-9222
594,Darbar Persian Grill,Persian/Iranian,3.5,43.7355,-79.419651,2015 Avenue Road,Toronto,+1 416-519-4545
847,Darvish Restaurant,Persian/Iranian,4,43.66337,-79.38412,508 Yonge Street,Toronto,+1 416-929-8893
749,Manjya Hire a Personal Chef,Personal Chefs,5,43.65131,-79.37457,"Toronto, ON M5C 1K9",Toronto,+1 800-993-4613
7,Mira,Peruvian,4.5,43.64417,-79.39639,420A Wellington Street W,Toronto,+1 647-951-3331
218,Koricancha Restaurant,Peruvian,4.5,43.6951899,-79.45153,1885 Eglinton Avenue W,Toronto,+1 647-347-0584
266,Kay Pacha,Peruvian,4,43.6815,-79.42793,744 St Clair Avenue W,Toronto,+1 416-658-0568
414,Koricancha Restaurant,Peruvian,4.5,43.6951899,-79.45153,1885 Eglinton Avenue W,Toronto,+1 647-347-0584
948,Paracas Peruvian,Peruvian,3.5,43.6794411,-79.436944,992 St.Clair Avenue W,Toronto,+1 416-532-5627
950,Paracas Peruvian,Peruvian,3.5,43.6794411,-79.436944,992 St.Clair Avenue W,Toronto,+1 416-532-5627
116,Cafe Oro Di Napoli,Pizza,4.5,43.65142571,-79.3721592,75 Jarvis Street,Toronto,+1 416-315-7979
200,Positano Restaurant,Pizza,4.5,43.70471,-79.3884,633 Mount Pleasant Road,Toronto,+1 416-932-3982
291,Descendant Detroit Style Pizza,Pizza,4.5,43.66277821,-79.33216953,1168 Queen Street E,Toronto,+1 647-347-1168
298,The Annex Commons,Pizza,4.5,43.66549,-79.40756,296 Brunswick Ave,Toronto,+1 647-277-1179
338,Sidebar,Pizza,4,43.67627,-79.35676,161 Danforth Avenue,Toronto,+1 647-350-7227
454,The Good Son,Pizza,4,43.6436501,-79.4227676,1096 Queen Street W,Toronto,+1 416-551-0589
457,Pizzeria Libretto,Pizza,4,43.64898,-79.42021,221 Ossington Avenue,Toronto,+1 416-532-8000
513,Capocaccia Trattoria,Pizza,3.5,43.6858784,-79.393189,1366 Yonge Street,Toronto,+1 416-921-3141
596,North Of Brooklyn,Pizza,4.5,43.66928,-79.43913,229 Geary Avenue,Toronto,+1 647-929-9500
629,Pizzeria Libretto,Pizza,4,43.64432,-79.39874,545 King Street W,Toronto,+1 647-352-1200
667,Marcelloäó»s pizzeria,Pizza,4,43.67783,-79.4425399,1163 Saint Clair Avenue W,Toronto,+1 416-656-6159
710,Pizzeria Libretto Danforth,Pizza,4,43.6785799,-79.34754,550 Danforth Avenue,Toronto,+1 416-466-0400
726,Bocconcini Toronto,Pizza,4.5,43.6603,-79.37748,96 Gerrard Street E,Toronto,+1 416-977-1836
732,The Parlour,Pizza,4,43.6444882,-79.4015886,642 King St W,Toronto,+1 416-869-3322
753,Pizzeria Via Mercanti,Pizza,4,43.65408,-79.402,188 Augusta Avenue,Toronto,+1 647-343-6647
754,Pie Bar,Pizza,3,43.6382664,-79.38046732,207 Queens Quay W,Toronto,+1 647-341-7221
760,GarfieldEATS,Pizza,1.5,43.66085,-79.42994,995 Bloor Street W,Toronto,+1 800-522-0328
786,Jz's Pizza,Pizza,4,43.64527676,-79.3897039,232 Wellington Street W,Toronto,+1 647-347-2727
815,Masseria,Pizza,4,43.64431,-79.39959,577 King Street W,Toronto,+1 416-263-9999
831,Deepizz Pizzeria,Pizza,4.5,43.65714629,-79.40541779,384 College St,Toronto,+1 416-925-1555
841,F'Amelia,Pizza,3.5,43.6675186,-79.3686295,12 Amelia Street,Toronto,+1 416-323-0666
867,Gatto Wood Oven Pizza,Pizza,4,43.65062,-79.47977,2312 Bloor Street W,Toronto,+1 416-762-9682
908,Nonna Francesca's Ristorante,Pizza,3,43.64181311,-79.37986214,1 York St,Toronto,+1 416-258-6088
789,Pokí©wave,Poke,4.5,43.6635,-79.38417,514 Yonge Street,Toronto,
194,Kovalsky Restaurant,Polish,4.5,43.6270435,-79.4988143,667 The Queensway,Toronto,+1 416-201-6999
244,Cafí© Polonez,Polish,4.5,43.64514,-79.44831,195 Roncesvalles Avenue,Toronto,+1 416-532-8432
40,Moliceiro Restaurant,Portuguese,4.5,43.64888,-79.42016,217 Ossington Avenue,Toronto,+1 647-345-3019
173,Luna Junction,Portuguese,4.5,43.6656,-79.46276,2800 Dundas St W,Toronto,+1 416-762-4116
242,Porta Nova Restaurant,Portuguese,4,43.66947709,-79.43828769,211 Geary Avenue,Toronto,+1 416-546-3328
335,Luna Junction,Portuguese,4.5,43.6656,-79.46276,2800 Dundas St W,Toronto,+1 416-762-4116
734,Adega Restaurante,Portuguese,4,43.65732,-79.38323,33 Elm St,Toronto,+1 416-977-4338
740,Nando's Flame Grilled Chicken,Portuguese,3.5,43.6617048,-79.3862897,832 Bay St.,Toronto,+1 416-925-8888
769,Churrasqueira Martins,Portuguese,3.5,43.680855,-79.473492,605 Rogers Road,Toronto,+1 416-657-4343
824,Pimentas Grill,Portuguese,4.5,43.65516,-79.41602,648 College Street,Toronto,+1 416-539-0707
868,Bairrada Churrasqueira Grill,Portuguese,3.5,43.65329,-79.42868,1000 College Street,Toronto,+1 416-539-8239
876,Churrasqueira Vila Verde Restaurant,Portuguese,4,43.65117,-79.41061,869 Dundas Street W,Toronto,+1 416-603-2515
984,O Espeta Restaurant,Portuguese,5,43.67589884,-79.45377208,1480 st Clair Avenue W,Toronto,+1 416-654-6666
13,The Bedford Academy,Pubs,3.5,43.66963,-79.39719,36 Prince Arthur Avenue,Toronto,+1 416-921-4600
27,Wychwood Pub,Pubs,2,43.6828784,-79.4189154,517 Saint Clair Avenue W,Toronto,+1 416-535-2715
232,Einstein Cafe & Pub,Pubs,3.5,43.65813,-79.39747,229 College Street,Toronto,+1 416-597-8346
316,Hair of the Dog,Pubs,4,43.66294682,-79.37959287,425 Church Street,Toronto,+1 416-964-2708
347,The Hole In the Wall,Pubs,4.5,43.66518,-79.46515,2867 Dundas Street W,Toronto,+1 647-350-3564
367,The Jester On Yonge,Pubs,2.5,43.6877,-79.39346,1427 Yonge Street,Toronto,+1 416-323-3421
368,Dark Horse,Pubs,2.5,43.64941,-79.48302,2401 Bloor St W,Toronto,+1 416-769-4696
543,The Queen And Beaver Public House,Pubs,4,43.65734,-79.38334,35 Elm Street,Toronto,+1 647-347-2712
634,Boardwalk Place,Pubs,2.5,43.6630096,-79.3108978,1675 Lake Shore Boulevard E,Toronto,+1 416-694-8844
654,The Goose & Firkin,Pubs,3.5,43.75614517,-79.36016054,1875 Leslie Street,North York,+1 416-383-1200
718,Queens Legs,Pubs,4,43.70498,-79.40763,286 Eglinton Avenue W,Toronto,+1 416-481-3555
131,Ikkousha Ramen,Ramen,4.5,43.65024,-79.38873,249 Queen Street W,Toronto,+1 416-901-2249
202,Ramen Isshin,Ramen,4.5,43.65634,-79.40689,421 College Street,Toronto,+1 416-367-4013
445,Hokkaido Ramen Santouka,Ramen,4,43.65632173,-79.37749958,91 Dundas Street E,Toronto,+1 647-748-1717
483,Sansotei Ramen,Ramen,4,43.655,-79.38643,179 Dundas Street W,Toronto,+1 647-748-3833
560,Konjiki Ramen Downtown,Ramen,4,43.65729,-79.38358,41 Elm Street,Toronto,+1 416-519-6794
607,RYUS Noodle Bar,Ramen,4,43.6771,-79.35905,786 Broadview Avenue,Toronto,+1 647-344-9306
653,Momofuku Noodle Bar,Ramen,3,43.649678,-79.386275,190 University Avenue,Toronto,+1 647-253-6225
665,Konjiki Ramen,Ramen,4,43.76719,-79.41198,5051 Yonge Street,Toronto,+1 647-350-7766
675,Ramen Isshin,Ramen,4.5,43.64731,-79.40233,609 Queen Street W,Toronto,+1 647-368-4013
788,Sansotei Ramen,Ramen,4.5,43.63905,-79.3982599,115 Fort York Boulevard,Toronto,+1 647-343-8878
893,Sansotei,Ramen,4,43.66681902,-79.38546925,650 Yonge Street,Toronto,+1 647-349-3833
970,Hokkaido Ramen Santouka,Ramen,4,43.66539,-79.40882,515 Bloor Street W,Toronto,+1 647-346-6350
493,Suliko Restaurant,Russian,4,43.7859117,-79.4828488,1311 Alness Street,Concord,+1 905-760-1989
402,Favorites,Salad,4,43.6473607,-79.42011457,141 Ossington Avenue,Toronto,
884,Station Cafe & Kitchen,Salad,3.5,43.66229147,-79.4248296,866 Bloor Street West,Toronto,+1 416-535-2345
746,The Tilted Dog Pub & Kitchen,Sandwiches,4.5,43.66283,-79.3675404,424 Parliament Street,Toronto,+1 416-961-9425
9,New Orleans Seafood & Steakhouse,Seafood,5,43.67775,-79.50611,267 Scarlett Road,Toronto,+1 416-766-7001
24,Pearl Diver,Seafood,4,43.65163,-79.37375,100 Adelaide Street E,Toronto,+1 416-366-7827
49,Joso's,Seafood,4.5,43.6751099,-79.39607,202 Davenport Road,Toronto,+1 416-925-1903
89,Honest Weight,Seafood,4.5,43.66533359,-79.46148555,2766 Dundas Street W,Toronto,+1 416-604-9992
226,Mermaid Fish and Grill House,Seafood,4.5,43.68879,-79.39207,44 St Clair Avenue E,Toronto,+1 416-546-9158
252,Eastside Social,Seafood,4,43.661432,-79.339113,1008 Queen Street E,Toronto,+1 416-461-5663
265,The Chase,Seafood,3.5,43.651071,-79.379349,10 Temperance Street,Toronto,+1 647-348-7000
293,Ufficio,Seafood,4,43.64956,-79.4231,1214 Dundas Street W,Toronto,+1 416-535-8888
310,Rodney's Oyster House,Seafood,4,43.644948,-79.396846,469 King Street W,Toronto,+1 416-363-8105
311,Oyster Boy,Seafood,4,43.64522435,-79.41433388,872 Queen Street W,Toronto,+1 416-534-3432
371,Estiatorio VOLOS,Seafood,4,43.65016,-79.38477,133 Richmond St W,Toronto,+1 416-861-1211
428,Mermaid Fish and Grill House,Seafood,4.5,43.68879,-79.39207,44 St Clair Avenue E,Toronto,+1 416-546-9158
465,Stamps Lane,Seafood,4,43.6501499,-79.45026,371 Roncesvalles Avenue,Toronto,+1 416-537-7750
489,Chiado,Seafood,4,43.65418684,-79.42424689,864 College Street,Toronto,+1 416-538-1910
631,Zee Grill Seafood Restaurant & Oyster Bar,Seafood,4,43.70491,-79.38851,641 Mount Pleasant Road,Toronto,+1 416-484-6428
640,Ilhas De Bruma,Seafood,3.5,43.652334,-79.433657,1136 College Street W,Toronto,+1 416-538-2015
672,The Shore Club - Toronto,Seafood,4,43.64560577,-79.38657403,155 Wellington Street W,Toronto,+1 416-351-3311
681,The Captain's Boil,Seafood,3.5,43.66237,-79.38378,476 Yonge St,Toronto,+1 647-748-2886
693,The Captain's Boil,Seafood,4,43.6156501,-79.5587629,1800 The Queensway,Toronto,+1 416-792-1880
701,E11even,Seafood,3.5,43.64280107,-79.38124144,15 York Street,Toronto,+1 416-815-1111
747,The Olde Yorke,Seafood,4.5,43.70619,-79.36218,96 Laird Drive,East York,+1 416-696-9670
756,k.Dinners,Seafood,5,43.67765,-79.35008,463 Danforth Avenue,Toronto,+1 647-236-4423
816,John & Sons Oyster House,Seafood,4,43.6504156,-79.3817483,56 Temperance Street,Toronto,+1 416-703-5111
839,Hua Sang Seafood Restaurant,Seafood,3.5,43.6557848,-79.3937013,43 Baldwin Street,Toronto,+1 416-596-1628
859,Pure Spirits Oyster House & Grill,Seafood,3,43.650404,-79.358722,17 Tank House Lane,Toronto,+1 416-361-5859
903,Wah Too Seafood Restaurant,Seafood,4,43.6547399,-79.3872,58 Centre Avenue,Toronto,+1 416-971-6567
2,Taro's Fish,Seafood Markets,4.5,43.76986,-79.37455,800 Sheppard Avenue E,Toronto,+1 416-730-8555
994,V's Schnitzel House,Slovakian,3.5,43.60222,-79.5456321,448 Browns Line,Toronto,+1 416-255-3179
264,Friday Roots,Soul Food,4.5,43.65138,-79.41134,876 Dundas Street West,Toronto,+1 647-812-3319
267,BauZza BauZza,Soup,3.5,43.65798,-79.40163,298 College St,Toronto,+1 647-347-8298
538,Plan B,South African,4.5,43.64801,-79.50749,2943A Bloor Street W,Toronto,+1 416-231-4444
343,Southern Accent Restaurant,Southern,4,43.65416,-79.42289,839 College Street,Toronto,+1 416-901-3211
124,Bar Isabel,Spanish,4,43.65463,-79.42075,797 College Street,Toronto,+1 416-532-2222
127,La Paella,Spanish,4.5,43.6625299,-79.33427,1146 Queen Street E,Toronto,+1 416-546-1055
167,Patria,Spanish,4,43.6455399,-79.39641,480 King Street W,Toronto,+1 416-367-0505
262,Bar Raval,Spanish,4,43.6558432,-79.4099433,505 College Street,Toronto,+1 647-344-8001
277,Edulis,Spanish,4,43.64192,-79.4066,169 Niagara Street,Toronto,+1 416-703-4222
281,Campo,Spanish,4,43.65511797,-79.48695902,244 Jane Street,Toronto,+1 647-346-2267
562,Carmen,Spanish,4,43.64488011,-79.41584095,922 Queen Street W,Toronto,+1 416-535-0404
592,El Tenedor,Spanish,5,43.67512,-79.38837,909 Yonge St,Toronto,+1 416-923-8888
848,La Vinia,Spanish,4,43.6164551,-79.4880219,2350 Lakeshore Boulevard W,Toronto,+1 647-748-2350
872,Mrakovic Meat & Deli,Specialty Food,4.5,43.66682,-79.57846,44 Wellesworth Dr,Etobicoke,+1 416-695-7396
881,Foodbenders,Specialty Food,4.5,43.65974,-79.43683,1162 Bloor Street W,Toronto,+1 647-303-2363
225,Local Liberty Village,Sports Bars,4,43.63846893,-79.41921249,171 E Liberty Street,Toronto,+1 416-901-8351
582,Kellys Landing,Sports Bars,3.5,43.6448899,-79.38305,123 Front Street W,Toronto,+1 647-776-1133
782,Loose Moose,Sports Bars,3.5,43.64522,-79.38385,146 Front Street West,Toronto,+1 416-977-8840
58,Casa Fuego,Steakhouses,4.5,43.6485,-79.3882,230 Adelaide Street West,Toronto,+1 647-748-3210
66,Jacobs & Co. Steakhouse,Steakhouses,4.5,43.64539876,-79.3980279,12 Brant Street,Toronto,+1 416-366-0200
235,BlueBlood Steakhouse,Steakhouses,3.5,43.6781099,-79.40948,1 Austin Terrace,Toronto,+1 416-353-4647
304,Barberian's Steak House,Steakhouses,4,43.6576,-79.38212,7 Elm Street,Toronto,+1 416-597-0335
328,Smith Bros.,Steakhouses,4,43.72888664,-79.28822279,880 Warden Avenue,Toronto,+1 416-751-3100
479,The Keg Steakhouse + Bar,Steakhouses,4,43.64964,-79.38402,165 York Street,Toronto,+1 416-703-1773
552,The Keg Steakhouse + Bar - Mansion,Steakhouses,4,43.66683,-79.37788,515 Jarvis Street,Toronto,+1 416-964-6609
553,Harbour 60,Steakhouses,4,43.642105,-79.378455,60 Harbour Street,Toronto,+1 416-777-2111
584,Holy Cow Steakhouse,Steakhouses,3.5,43.64985766,-79.3913725,254 Queen Street  W,Toronto,+1 416-792-8269
588,STK Toronto,Steakhouses,3,43.67033767,-79.39426443,153 Yorkville Ave,Toronto,+1 416-613-9660
622,Michael's on Simcoe,Steakhouses,4,43.6481895,-79.3867188,100 Simcoe Street,Toronto,+1 416-260-5100
700,Marron Bistro,Steakhouses,4.5,43.7005399,-79.4286599,948 Eglinton Avenue W,Toronto,+1 416-784-0128
795,Morton's The Steakhouse,Steakhouses,4,43.66971305,-79.39497471,4 Avenue Road,Toronto,+1 416-925-0648
809,Hy's Steakhouse Toronto,Steakhouses,3.5,43.651051,-79.380849,365 Bay Street,Toronto,+1 416-364-6600
811,Prime on Avenue,Steakhouses,4,43.7344314,-79.4199426,1960 Avenue Rd,Toronto,+1 647-344-6099
16,Aburi Hana,Sushi Bars,5,43.671011,-79.3925961,102 Yorkville Avenue,Toronto,+1 647-343-8887
112,Kinoya Sushi Bar,Sushi Bars,4,43.64629,-79.38997,293 King Street W,Toronto,+1 416-599-8828
204,Edomae Kiyomi,Sushi Bars,4,43.66012,-79.37813,76 Gerrard Street E,Toronto,+1 416-979-1134
256,Kaito Sushi,Sushi Bars,4,43.67737,-79.44452,1211 St Clair Ave W,Toronto,+1 416-792-6796
322,Shunoko,Sushi Bars,4,43.67741,-79.4442399,1201 St Clair W,Toronto,+1 647-748-7288
425,Wow Sushi,Sushi Bars,4,43.66851575,-79.38682079,11 Charles Street,Toronto,+1 416-923-1888
478,PROJECT:FISH,Sushi Bars,4,43.76918309,-79.4141297,16 Park Home Avenue,North York,+1 416-792-5250
534,Tachi,Sushi Bars,4.5,43.6502911,-79.3839517,Assembly Chef's Hall,Toronto,
652,Nomí© Izakaya - Shops at Don Mills,Sushi Bars,4,43.73356,-79.3447599,4 O'Neill Road,Toronto,+1 647-973-7937
712,Kibo Sushi House,Sushi Bars,4.5,43.65717974,-79.44762401,1415 Bloor Street W,Toronto,+1 416-536-0469
762,Japango,Sushi Bars,3.5,43.6551,-79.38524,122 Elizabeth Street,Toronto,+1 416-599-5557
793,On The Stick,Sushi Bars,3.5,43.688694,-79.391897,48 St Clair Avenue E,Toronto,+1 416-960-4896
966,Tokyo Sushi,Sushi Bars,4,43.66559882,-79.38698404,33 St Joseph Street,Toronto,+1 416-513-0002
990,ND Sushi & Grill,Sushi Bars,4,43.65735,-79.40465,370 College St,Toronto,+1 416-546-1002
992,Koji Japanese Restaurant,Sushi Bars,4.5,43.66532471,-79.45280768,1553 Dupont Street,Toronto,+1 416-588-7426
342,Zezafoun Syrian Cuisine,Syrian,4.5,43.70267,-79.39712,4 Manor Road E,Toronto,+1 416-322-7707
280,Tí©,Taiwanese,4,43.64575,-79.41964,70 Ossington Avenue,Toronto,+1 647-348-8009
623,Mabu Generation,Taiwanese,4.5,43.66509562,-79.38482992,575 Yonge Street,Toronto,+1 416-901-8183
792,Four Four South VIllage,Taiwanese,3.5,43.66232,-79.38376,474 Yonge Street,Toronto,+1 416-413-9802
183,Madrina Bar y Tapas,Tapas Bars,4,43.65044,-79.35992,2 Trinity Street,Toronto,+1 416-548-8055
353,Madrina Bar y Tapas,Tapas Bars,4,43.65044,-79.35992,2 Trinity Street,Toronto,+1 416-548-8055
850,Reyna on King,Tapas Bars,3.5,43.65346,-79.36226,354 King Street East,Toronto,
91,Planta Yorkville,Tapas/Small Plates,4,43.6702151,-79.38943356,1221 Bay Street,Toronto,+1 647-348-7000
239,Mercado Negro,Tapas/Small Plates,5,43.6754985,-79.45472621,1370 Street Clair W,Toronto,+1 647-748-1370
561,Rickshaw Bar,Tapas/Small Plates,4,43.64678,-79.4049299,685 Queen Street W,Toronto,+1 647-352-1227
593,Corks,Tapas/Small Plates,4,43.64234,-79.38083,15 York Street,Toronto,+1 416-366-1717
620,Salumi Bar,Tapas/Small Plates,5,43.65513,-79.41356,593 College Street,Toronto,+1 416-533-0162
709,The Four Seven,Tapas/Small Plates,4.5,43.65876,-79.43993,1211 Bloor Street  W,Toronto,+1 647-348-4500
892,Reposado Bar & Lounge,Tapas/Small Plates,4,43.64729,-79.42012,136 Ossington Avenue,Toronto,+1 416-532-6474
932,Blua,Tapas/Small Plates,4.5,43.66602941,-79.46458039,395 Keele Street,Toronto,+1 416-763-4035
937,Tapas At Embrujo,Tapas/Small Plates,3.5,43.67615,-79.3582931,97 Danforth Avenue,Toronto,+1 647-705-7880
75,Uber,Taxis,3,43.70082474,-79.29547882,"Toronto, ON M4B 1B4",Toronto,+1 647-931-4827
633,Hotmess Tex Mex,Tex-Mex,4,43.65491,-79.4145999,615 College Street W,Toronto,+1 416-551-1322
4,Pai Northern Thai Kitchen,Thai,4.5,43.64784,-79.38872,18 Duncan Street,Toronto,+1 416-901-4724
42,Khao San Road,Thai,4,43.64634,-79.39359,11 Charlotte Street,Toronto,+1 647-352-5773
55,Koh Lipe Thai Kitchen,Thai,4,43.65586,-79.39347,35 Baldwin Street,Toronto,+1 416-599-9988
61,Si Lom Thai Bistro,Thai,4,43.66503,-79.38082,534 Church Street,Toronto,+1 416-515-0888
159,Imm Thai Kitchen,Thai,4.5,43.65484,-79.41598,651 College Street,Toronto,+1 416-532-6888
181,EAT BKK Thai Kitchen & Bar,Thai,4.5,43.7956999,-79.41915,6307 Yonge Street,Toronto,+1 647-350-9336
212,Lao Thai Restaurant,Thai,4,43.6426406,-79.4273649,4 Gladstone Avenue,Toronto,+1 416-855-2028
214,Isaan Der,Thai,4,43.6652858,-79.4679385,2961 Dundas Street W,Toronto,+1 416-604-0062
231,Kiin,Thai,4,43.647622,-79.3921,326 Adelaide Street W,Toronto,+1 647-490-5040
246,Khmer Thai Restaurant,Thai,4,43.67937,-79.43781,1018 St Clair Avenue W,Toronto,+1 416-654-0609
248,Mengrai Thai,Thai,4,43.6541,-79.366917,82 Ontario Street,Toronto,+1 416-840-2754
257,Saigon PAI,Thai,4.5,43.663435,-79.367799,446 Parliament Street,Toronto,+1 416-920-8424
306,Dee,Thai,4,43.70108,-79.39681,2013 Yonge Street,Toronto,+1 647-454-4629
320,BuaBua Thai,Thai,4.5,43.707555,-79.3756631,1677 Bayview Avenue,Toronto,+1 416-322-8828
341,EAT BKK Thai Kitchen,Thai,4,43.75926,-79.4105455,4704 Yonge Street,Toronto,+1 647-352-8989
375,Phat Kaphrao,Thai,4,43.71794054,-79.42970831,3016B Bathurst Street,Toronto,+1 416-789-4085
405,Lao Thai Restaurant,Thai,4,43.6426406,-79.4273649,4 Gladstone Avenue,Toronto,+1 416-855-2028
406,EAT BKK Queen West,Thai,4,43.64743,-79.40376,580 Queen Street W,Toronto,+1 416-862-8424
408,Isaan Der,Thai,4,43.6652858,-79.4679385,2961 Dundas Street W,Toronto,+1 416-604-0062
420,Sala Modern Thai Kitchen & Bar,Thai,4.5,43.68199912,-79.33073748,1262 Danforth Avenue,Toronto,+1 416-405-9999
435,Chiang Mai,Thai,4,43.62459,-79.48498,84 Park Lawn Rd,Toronto,+1 647-748-8424
440,Khmer Thai Restaurant,Thai,4,43.67937,-79.43781,1018 St Clair Avenue W,Toronto,+1 416-654-0609
519,Nana,Thai,3.5,43.6462179,-79.40800423,785 Queen Street W,Toronto,+1 647-352-5745
577,Bach Yen,Thai,4,43.66684,-79.34756,738 Gerrard Street E,Toronto,+1 647-347-8160
585,Sukho Thai,Thai,3.5,43.6485607,-79.3745641,52 Wellington Street E,Toronto,+1 647-351-4612
642,Kub Khao Thai Eatery,Thai,4,43.78022251,-79.29982192,3561 Sheppard E,Toronto,+1 416-297-8888
663,EAT BKK Thai Kitchen Leslieville,Thai,4,43.6605957,-79.3429889,898 Queen Street E,Toronto,+1 416-466-4644
691,Thai Country Kitchen,Thai,4,43.6561499,-79.39968,412 Spadina Ave,Toronto,+1 416-977-5999
825,Corner By Spoon And Fork,Thai,4,43.6715255,-79.3945958,55 Avenue Road,Toronto,+1 416-925-2828
905,Pho Xua,Thai,3.5,43.67415688,-79.46127353,1768 Street Clair Avenue W,Toronto,+1 416-519-9979
933,Boat King of Thai Noodles,Thai,3,43.66013,-79.38583,770 Bay Street,Toronto,
954,River Tai Restaurant,Thai,4,43.66316,-79.40309,92 Harbord Street,Toronto,+1 416-925-6305
988,Joy Thai Restaurant,Thai,4,43.72796,-79.40321,3192 Yonge Street,Toronto,+1 416-487-5144
31,The Shameful Tiki Room,Tiki Bars,4,43.64145,-79.43328,1378 Queen W,Toronto,
154,Anatolia Restaurant,Turkish,4,43.64471,-79.53299,5112 Dundas Street W,Toronto,+1 416-207-0596
190,A La Turk,Turkish,4.5,43.73357,-79.40419,3443 Yonge Street,Toronto,+1 416-770-1122
537,Meat Point,Turkish,4.5,43.72768,-79.47869,1021 Wilson Ave,Toronto,+1 416-638-6721
540,Barans Turkish Cuisine & Bar,Turkish,4,43.72928809,-79.28072602,2043 Eglinton Avenue E,Toronto,+1 416-750-4545
637,Chef Gourmet,Turkish,5,43.66531,-79.38099,542 Church Street,Toronto,+1 647-341-2433
748,Mustafa Turkish Pizza,Turkish,4,43.73057,-79.46799,866 Wilson Avenue,Toronto,+1 416-631-0300
857,Diwan,Turkish,4,43.72498566,-79.33208066,77 Wynford Drive,Toronto,+1 416-646-4670
738,Fresh On Bloor,Vegan,3.5,43.666863,-79.4035738,326 Bloor Street W,Toronto,+1 416-599-4442
779,LOV King West,Vegan,4,43.64456,-79.40074,620 King West street,Toronto,+1 416-366-8568
823,Planta Queen,Vegan,4,43.65082,-79.3878,180 Queen Street W,Toronto,+1 647-812-1221
895,The Hogtown Vegan,Vegan,4,43.6605669,-79.4325733,1056 Bloor St. W,Toronto,+1 416-901-9779
392,Woodlot Restaurant,Vegetarian,4,43.65578,-79.40988,293 Palmerston Avenue,Toronto,+1 647-342-6307
529,El Venezolano,Venezuelan,4.5,43.67980137,-79.34117194,818 Danforth Ave,Toronto,+1 647-703-4107
282,La Maquette,Venues & Event Spaces,4,43.64981,-79.37383,111 King Street E,Toronto,+1 416-361-9666
68,Demen Bistro,Vietnamese,4.5,43.6479353,-79.40125275,500 Queen Street W,Toronto,+1 416-364-2888
105,Silver Chopsticks,Vietnamese,5,43.69016,-79.57594,621 Dixon Road,Toronto,+1 647-348-8882
184,Pinky's Ca Phe,Vietnamese,4,43.65570454,-79.41381966,53 Clinton Street,Toronto,
296,Pho Tien Thanh,Vietnamese,4,43.6455399,-79.41896,57 Ossington Avenue,Toronto,+1 416-588-6997
344,Forget Me Not Cafe,Vietnamese,4,43.7304611,-79.4665298,883 Wilson Avenue,Toronto,+1 647-627-0883
355,Saigon Lotus,Vietnamese,4.5,43.65449,-79.39928,6 St Andrew Street,Toronto,+1 416-901-1115
380,Tonkin Vietnamese,Vietnamese,4.5,43.69688,-79.45123,2404 Dufferin Street,Toronto,+1 416-784-1491
531,Banh Mi Boys,Vietnamese,4.5,43.64884,-79.39695,392 Queen Street W,Toronto,+1 416-363-0588
541,St Clair Banh Cuon Pho Ga,Vietnamese,4,43.67416,-79.46132,1772 Saint Clair Avenue W,Toronto,+1 416-651-3771
659,PHO OK,Vietnamese,4.5,43.75793,-79.4105,4664 Yonge Street,Toronto,+1 416-222-2668
662,Pho Linh,Vietnamese,4,43.65241,-79.43411,1156 College Street W,Toronto,+1 416-516-3891
711,Que Ling Restaurant,Vietnamese,4,43.6658199,-79.34941,248 Boulton Avenue,Toronto,+1 416-778-4038
773,Vietnoms,Vietnamese,4,43.764615,-79.3962269,243 Sheppard Avenue E,Toronto,+1 647-352-5886
806,Mi Mi Restaurant,Vietnamese,4,43.66637634,-79.34877266,688 Gerrard Street E,Toronto,+1 416-778-5948
817,Pho Son,Vietnamese,4,43.70483,-79.47679,2319 Keele Street,Toronto,
878,Food 88,Vietnamese,4.5,43.65168,-79.36812,55 Sherbourne Street,Toronto,+1 647-298-7689
886,Lan Restaurant,Vietnamese,3.5,43.65916,-79.3479,755 Queen Street E,Toronto,+1 647-748-7388
958,Pho Anh Vu,Vietnamese,4,43.71836002,-79.457369,3200 Dufferin Street,Toronto,+1 647-346-9333
912,Char No. 5 Whisky Bar,Whiskey Bars,4,43.64303,-79.38379,75 Lower Simcoe Street,Toronto,+1 416-637-5484
941,The Opium Bar,Whiskey Bars,4.5,43.64928,-79.42628,1321 Dundas Street West,Toronto,+1 647-828-9193
632,European Hotel & Restaurant Imports,Wholesale Stores,5,43.66727,-79.41231,880 Bathurst Street,Toronto,+1 416-253-9449
21,Midfield,Wine Bars,3.5,43.64976,-79.43002,1434 Dundas Street W,Toronto,+1 647-345-7005
207,Brothers,Wine Bars,4,43.67090065,-79.3900143,1240 Bay Street,Toronto,+1 416-804-6066
233,Grey Gardens,Wine Bars,4.5,43.6537999,-79.40143,199 Augusta Avenue,Toronto,+1 647-351-1552
423,Ascari King,Wine Bars,4,43.64456009,-79.40080013,620 King Street W,Toronto,+1 416-366-3673
451,Evoo Ristorante,Wine Bars,4,43.67441,-79.39672,138 Avenue Road,Toronto,+1 647-560-0381
490,APRES,Wine Bars,4.5,43.64302353,-79.42535014,1166 Queen Street W,Toronto,+1 647-292-3317
514,Scaddabush Italian Kitchen & Bar,Wine Bars,3.5,43.659095,-79.382915,382 Yonge Street,Toronto,+1 416-597-8838
571,Grand Cru Deli,Wine Bars,4.5,43.64907,-79.39168,304 Richmond St W,Toronto,+1 416-551-9221
573,Decí_,Wine Bars,4.5,43.6655234,-79.46396091,2840 Dundas Street W,Toronto,+1 416-761-0005
656,The Beech Tree,Wine Bars,4,43.6803871,-79.2888628,924 Kingston Road,Toronto,+1 416-699-4444
692,Chez Nous,Wine Bars,4.5,43.65969,-79.34685,798 Queen Street E,Toronto,+1 416-781-4743
763,Sapori,Wine Bars,5,43.65008,-79.43469,1588 Dundas W,Toronto,+1 647-388-9667